Feature,MIScore,Cumulative_%
Multiplier,0.29284208354757535,0.0641126475841389
Last Service Mileage,0.23325561570245945,0.1151798811777135
Vehicle_Key_Actual_Service,0.23315185545803985,0.16622439828224003
PMS_Delay,0.23072153205594148,0.21673683862407375
LastNonPMSMileage,0.2238174778377393,0.26573775715991854
Avg_Mileage_Interval_PMS,0.20890490762000713,0.31147382951190583
Months_Since_Last_PMS,0.18611687691610013,0.352220861477494
has_40,0.18505381517081232,0.392735154684328
Max_PMS_Revenue,0.1643344754921452,0.42871331118942113
PMSRevenue,0.1584621432671811,0.4634058233572141
Avg_Service_Interval_PMS,0.15257904745346296,0.4968103346883808
Last_PMS_Revenue,0.1456907081496175,0.5287067647189456
Vehicle Lifetime in Months,0.1304585031632124,0.5572683701287039
months_30_to_40,0.1296629417423838,0.5856558012927826
Service Frequency,0.12911559819316665,0.6139234011687715
Avg_Service_Interval_PMSper10k,0.1274028319178886,0.6418160208531478
Min_PMS_Revenue,0.11069004058293985,0.6660496674554304
Days_Since_Last_NonPMS,0.0637186615369627,0.6799997529150178
StdDev_PMS_Revenue,0.05762229450102274,0.6926151455374835
Months_Since_Last_NPMS,0.054751039438888593,0.7046019271294144
Purchase Age,0.0520205192011125,0.7159909091168445
VHC Completed_Flag,0.05133191669546866,0.72722913364061
has_10,0.04825622458011769,0.7377939892199945
Height,0.04521498197782825,0.7476930179727959
months_base_to_10,0.04380776070275738,0.7572839602627891
Weight,0.04288551212299763,0.76667299237149
unique_branch_serviced,0.04211338307801915,0.7758929803429875
VHC_Criticality_Red,0.04130108018659784,0.7849351288169019
total_appointments_showed_up,0.039661747814037085,0.7936183741666408
freq_NPMS,0.038144937480100616,0.8019695404476422
no_of_service_appointments_booked,0.03732223971164084,0.8101405914547097
Last_NonPMS_Revenue,0.03534817431711046,0.8178794554024096
PMS Status_Non PMS,0.03286616038685031,0.8250749258511901
Wheel Base,0.03230496949189732,0.8321475333779491
VHC_Criticality_Amber,0.03224296594880616,0.8392065663144067
vhc_Lost,0.032162581951488134,0.8462480005818854
CC,0.029830151030600938,0.8527787899316882
npmsRevenue,0.02825837411492471,0.858965466241948
last_appointment_status_No Appointment,0.028239223349318943,0.8651479498273393
Avg_Mileage_Interval_NPMS,0.025205994381775287,0.8706663610311853
PMS Status_PMS Partial,0.022237649214564614,0.8755349050256876
Warranty Status_Yes,0.01999750452714233,0.879913008557732
vhc_Deferred,0.019349609187229833,0.884149266747413
21 NM - Alain,0.018685016357430584,0.8882400239716328
last_appointment_delay_days,0.01803661647182553,0.8921888253920427
Total Promoter,0.01740785053284477,0.8959999695175362
Total Survey,0.016831140299077285,0.8996848530334624
Red_Lost_Revenue_Pct,0.01619254077221477,0.9032299263625563
appointment_booked_showed_up_atleastonce,0.016176107982138532,0.9067714020199419
has_30,0.015607949356503115,0.9101884892926527
Vehicle Service Status_InActive,0.015556713001658284,0.9135943592624343
Number of Cylinders,0.014504221395402528,0.9167698046203576
Lost Revenue,0.014371285498049113,0.9199161459907835
22 NM - Mussafah Complex,0.013364802458330827,0.9228421355195509
LowMileageFreqUsers,0.0124852959427586,0.9255755724937204
LostPart__-,0.012118906886848801,0.9282287949982493
Gender_Female,0.011478218734230161,0.9307417500479008
last_appointment_status_IN_DUE_TIME,0.010263582422651796,0.9329887817410328
Franchise_NISSAN,0.010233080241334624,0.9352291355155488
vhc_Invoiced,0.010110471698788537,0.9374426462961075
Red_Invoiced_Revenue_Pct,0.010096032022500978,0.9396529957623297
Avg_appointment_delay_days,0.008950345404464821,0.9416125172003731
Vehicles Owned,0.008392878774440948,0.9434499910790027
VHC Revenue Convertion,0.007737211440630443,0.9451439180732647
Total VHC Revenue,0.007731016314932004,0.9468364887532091
Total Detractor,0.007725622772452478,0.948527878611449
LostPart__Air Conditioning System,0.007703332878488567,0.9502143884876213
31 INF - Mussafah Complex,0.00745272065807101,0.9518460312054492
Service Contract Status_Active,0.007337713731959683,0.9534524951701613
Brake Revenue,0.0072104829268127,0.9550311041774392
Vehicle Service Status_Active,0.007201389460617547,0.9566077223294873
11 NM Airport Road,0.006866445951054789,0.9581110104637696
LostPart__Wiper Blades,0.006588128358478551,0.9595533658334942
Vehicle Service Status_Lapsed,0.006255114039683596,0.9609228135479982
Bodyshop_Services,0.005976733618126895,0.9622313147426395
AMA or Non AMA_Non AMA Vehicle,0.005526431097411466,0.9634412300835431
SMS Sessions,0.005513417125206255,0.9646482962430599
First Service Status_Done,0.0053915111920075365,0.9658286732326361
InvoicedPart__Exhaust System,0.0052058578875280315,0.9669684046813164
LostPart__Battery,0.00516987740842878,0.9681002588339862
Whatsapp Sessions,0.005033813375644902,0.9692023241486685
LostPart__Air Filter,0.004983812263152476,0.9702934425951094
wearablesBought,0.0048802749108034504,0.9713618933508192
VHC Revenue at Risk(%),0.004797671797059699,0.9724122596008575
61 Renault Cars - M12,0.004767431102052244,0.9734560051801293
Nationality_Cluster_1,0.004741056133667154,0.9744939764218039
New / Used_NEW,0.004612421585947768,0.9755037853811823
months_10_to_20,0.004591594578141622,0.9765090346318073
InvoicedPart__Rear Wiper Blade,0.004385710007043908,0.9774692090598864
last_appointment_status_NO_SHOW,0.004369895469943597,0.9784259211719232
months_20_to_30,0.003947780021854808,0.9792902184963198
LostPart__Rear Wiper Blade,0.0038554883038999233,0.9801343101647653
no_of_late_appointments,0.0037476712119843825,0.9809547971684242
InvoicedPart__Lights,0.0036759681687317247,0.9817595860460246
num_past_complaints,0.0036679758705289167,0.9825626251498499
Invoiced Revenue,0.00363383792159655,0.9833581903473888
recent_complaint_resolution_days,0.003587924884827398,0.9841437036892986
Nationality_Cluster_2,0.0034913541087582267,0.9849080745503941
InvoicedPart__-,0.003482127078422659,0.9856704253147296
Variant_Cluster_2,0.0034472568425734096,0.986425141851378
InvoicedPart__Brake System (General),0.003241595982597545,0.9871348325431145
LostPart__Tyres (General),0.003142001009094786,0.9878227186589512
Deferred Revenue Ratio,0.0030933734752145448,0.9884999586275376
Last_Service_Non_PMS_Flag,0.002765200071910723,0.9891053507746034
Battery Revenue,0.002710108175040027,0.9896986815153096
Model_Cluster_2,0.0027039729758526754,0.9902906690615588
Gender_Male,0.0026586944222353193,0.9908727436611579
LostPart__Front Brake Pads,0.0025805814066575117,0.9914377167834734
Red_Deferred_Revenue_Pct,0.0025074767436528145,0.9919866849196228
New / Used_USED,0.0024736548830155414,0.9925282483514846
Franchise_INFINITI,0.002412646817445685,0.9930564551354208
Variant_Cluster_1,0.0022264866837207187,0.9935439054170705
LostPart__Cooling System,0.0021310194451329423,0.9940104548181184
InvoicedPart__Air Conditioning System,0.002003473485653773,0.9944490802642081
SinglePMS,0.001969884799718047,0.9948803520555288
LostPart__Rear Brake Pads,0.0018808311357776386,0.9952921271061383
InvoicedPart__Air Filter,0.0018142813586015105,0.9956893322480818
LostPart__Brake System (General),0.0017970964915161591,0.9960827750642217
Nationality_Cluster_3,0.0017794837740434666,0.9964723618842062
60 Renault Cars - AUH,0.0017541081549681259,0.9968563931566295
PMS Status_PMS only,0.0015694256322946742,0.9971999914238386
InvoicedPart__Cooling System,0.0013950403387534838,0.9975054110838842
LostPart__Wheels & Alignment,0.001372682726646035,0.99780593593616
Tyre Revenue,0.0013287641611907652,0.998096845587385
last_appointment_status_LATE_SHOW,0.0012739203299030333,0.9983757481418674
74 NM - Beda Zayed,0.0012270958924724962,0.9986443993055013
LostPart__Spare Tyre,0.0012202934862282078,0.9989115612013737
InvoicedPart__Tyres (General),0.0010798598755288324,0.9991479776166693
AMA or Non AMA_AMA Vehicle,0.0010735604419283007,0.9993830148812585
Model_Cluster_3,0.0008812257908101806,0.9995759438410713
Franchise_0,0.0008534231808887682,0.9997627859061653
InvoicedPart__Front Brake Pads,0.0005467816773443435,0.9998824941822448
InvoicedPart__Steering System,0.0004224264494254726,0.9999749770581831
has_20,0.00011429523961914434,1.0000000000000004
nNPMS,0.0,1.0000000000000004
Total Passive,0.0,1.0000000000000004
Current Age,0.0,1.0000000000000004
Deferred Revenue,0.0,1.0000000000000004
InvoicedPart__Spare Tyre,0.0,1.0000000000000004
InvoicedPart__Rear Brake Pads,0.0,1.0000000000000004
InvoicedPart__Engine Oil Leakage,0.0,1.0000000000000004
InvoicedPart__Front Wiper Blades,0.0,1.0000000000000004
InvoicedPart__Battery,0.0,1.0000000000000004
InvoicedPart__Engine Oil,0.0,1.0000000000000004
LostPart__Rear Tyre,0.0,1.0000000000000004
LostPart__Steering System,0.0,1.0000000000000004
LostPart__Exhaust System,0.0,1.0000000000000004
LostPart__Front Wiper Blades,0.0,1.0000000000000004
LostPart__Engine Oil,0.0,1.0000000000000004
LostPart__Engine Oil Leakage,0.0,1.0000000000000004
max_complaint_resolution_days,0.0,1.0000000000000004
avg_complaint_resolution_days,0.0,1.0000000000000004
has_complaint_history,0.0,1.0000000000000004
InvoicedPart__Wiper Blades,0.0,1.0000000000000004
PMS Status_PMS and Additional Products,0.0,1.0000000000000004
Franchise_NONFRAN,0.0,1.0000000000000004
Franchise_RENAULT,0.0,1.0000000000000004
no_of_appointments_booked_but_not_showed_up,0.0,1.0000000000000004
InvoicedPart__Wheels & Alignment,0.0,1.0000000000000004
Service Contract Status_Expired,0.0,1.0000000000000004
Service Contract Status_No SC Purchased,0.0,1.0000000000000004
Contract_PurchaseStatus_Final_No SC Purchased,0.0,1.0000000000000004
First Service Status_Not Done,0.0,1.0000000000000004
Model_Cluster_4,0.0,1.0000000000000004
Nationality_Cluster_4,0.0,1.0000000000000004
Model_Cluster_1,0.0,1.0000000000000004
Variant_Cluster_4,0.0,1.0000000000000004
Variant_Cluster_3,0.0,1.0000000000000004
AMA Auto App Sessions,0.0,1.0000000000000004
Email Sessions,0.0,1.0000000000000004
