VIN,DueDate,DueSource,Status,ActualJuly,AlreadyDone
MDHAK3CR3LG002654,2026-07-26 00:00:00.000000000,schedule,InActive,0,0
JN8FY1NY9RX105670,2026-07-16 17:30:33.086101253,burn-rate,Lapsed,0,0
JN8FY1NY8NX100440,2026-07-30 00:59:15.840880437,burn-rate,InActive,0,0
JN8FY1NY5NX100573,2026-07-07 00:00:00.000000000,schedule,InActive,0,0
JN8FY1NY3MX037228,2026-07-26 00:00:00.000000000,schedule,InActive,0,0
JN8FY1NY1MX039866,2026-07-05 17:16:41.931518880,burn-rate,InActive,0,0
JN1BT2MM2LW012731,2026-07-28 00:00:00.000000000,schedule,InActive,0,0
1N4BL4AP7RN434313,2026-07-14 01:06:49.109923310,burn-rate,InActive,0,0
1N4BL4A97NN381186,2026-07-25 00:00:00.000000000,schedule,InActive,0,0
1N4BL4A96NN379705,2026-07-30 00:00:00.000000000,schedule,InActive,0,0
JN8AY2NY2R9503808,2026-07-16 05:33:59.614147912,burn-rate,InActive,0,0
JN6DY1AY3NX643023,2026-07-06 00:00:00.000000000,schedule,InActive,0,0
JN8BY3NY0S9006577,2026-07-29 23:23:13.103448273,burn-rate,Lapsed,0,0
VF1LRRDX1PR049792,2026-07-28 00:00:00.000000000,schedule,InActive,0,0
JN8AY3NY9T9112779,2026-07-23 18:57:22.773525439,burn-rate,Active,0,0
JN8AY2NY7N9453028,2026-07-27 16:07:04.644549765,burn-rate,InActive,0,0
JN8AY2NY5N9446529,2026-07-27 18:37:19.330543931,burn-rate,InActive,0,0
1N4BL4AP6RN429751,2026-07-18 23:39:53.664202739,burn-rate,InActive,0,0
1N4AL4AP7PN382996,2026-07-05 22:34:34.918262500,burn-rate,InActive,0,0
1N4BL4A90NN372801,2026-07-20 00:00:00.000000000,schedule,InActive,0,0
VF1LRRDX9PR049751,2026-07-30 00:00:00.000000000,schedule,InActive,0,0
JN8FY1NY9NX101774,2026-07-23 11:17:59.999999997,burn-rate,InActive,0,0
JN8BY3NY1S9010086,2026-07-15 16:14:40.752780152,burn-rate,Active,0,0
JN8AY2NY0R9498706,2026-07-16 01:42:32.514872901,burn-rate,InActive,0,0
JN1BT2MM3NW022364,2026-07-28 00:00:00.000000000,schedule,InActive,0,0
1N4BL4AP8RN349867,2026-07-11 01:26:20.952380952,burn-rate,InActive,0,0
1N4BL4AP0RN347983,2026-07-29 11:50:51.975353388,burn-rate,InActive,0,0
1N4BL4A95NN374916,2026-07-25 00:00:00.000000000,schedule,InActive,0,0
1N4AL4AP9PN363544,2026-07-18 12:25:03.456467509,burn-rate,InActive,0,0
MNTAD3N60R6007055,2026-07-11 03:50:51.968503936,burn-rate,InActive,0,0
MNTAD3N8XP6004100,2026-07-27 18:05:44.419134402,burn-rate,Lapsed,0,0
MNTAD3N07R6008196,2026-07-05 15:06:40.365005135,burn-rate,InActive,0,0
JNRAZ2NY4N9135067,2026-07-29 00:00:00.000000000,schedule,InActive,0,0
3N1CP5CP2PL513118,2026-07-21 10:13:24.996876960,burn-rate,InActive,0,0
1N4BL4APXSN322501,2026-07-13 03:05:52.095808383,burn-rate,Lapsed,0,0
1N4BL4AP2SN321200,2026-07-14 22:25:10.288239003,burn-rate,Active,0,0
1N4BL4AP1RN370124,2026-07-19 17:53:54.581729092,burn-rate,InActive,0,0
1N4AA6APXNC506317,2026-07-29 00:00:00.000000000,schedule,InActive,0,0
VF1LRRDX2PR049803,2026-07-28 00:00:00.000000000,schedule,InActive,0,0
MDHBN7AD0KG668749,2026-07-28 00:00:00.000000000,schedule,InActive,0,1
JN8FY1NY1NX100778,2026-07-27 00:00:00.000000000,schedule,InActive,0,0
JN8BY2NY6R9445013,2026-07-03 23:19:47.434554972,burn-rate,InActive,0,0
JN8AY3NY9S9009697,2026-07-23 23:35:10.344827590,burn-rate,Active,0,0
JN8AY3NY0T9104778,2026-07-10 07:04:19.421965318,burn-rate,Active,0,0
JN8AY3NY0T9100486,2026-07-21 12:52:22.580019396,burn-rate,Active,0,0
JN8AY2NY4N9451270,2026-07-26 16:58:09.050767688,burn-rate,InActive,0,0
JN8AT3MM4TW032708,2026-07-29 22:43:47.791054963,burn-rate,Active,0,0
5N1DR3MR9RC257604,2026-07-25 23:03:00.220760392,burn-rate,Lapsed,0,0
1N4BL4AP7SN388231,2026-07-26 06:28:41.792678754,burn-rate,Active,0,0
JNRAZ2NY6N9135085,2026-07-17 00:00:00.000000000,schedule,InActive,0,0
JN8BY3NY3S9001762,2026-07-16 09:03:06.564299431,burn-rate,Lapsed,0,0
1N4BL4AP8RN357581,2026-07-30 09:36:30.798707811,burn-rate,InActive,0,0
1N4BL4AP5PN411965,2026-07-21 01:25:52.203543839,burn-rate,InActive,0,0
VF1LRRDX5PR049763,2026-07-15 00:00:00.000000000,schedule,InActive,0,0
MNTAD3N02P6007163,2026-07-09 20:38:20.591715981,burn-rate,InActive,0,0
JN8AY3NY7T9105460,2026-07-18 17:47:43.636363638,burn-rate,Active,0,0
JN8AY3NY4S9009073,2026-07-27 13:03:17.858067554,burn-rate,Active,0,0
1N4AA6AP9NC506082,2026-07-21 00:00:00.000000000,schedule,InActive,0,0
MNTAD3N00P6005363,2026-07-26 05:25:11.818281581,burn-rate,InActive,0,0
JN8BY3NY6S9008415,2026-07-19 12:50:14.180707901,burn-rate,Active,0,0
JN8AY3NY9S9005262,2026-07-12 15:04:32.308704232,burn-rate,Active,0,0
JN8AY3NY8S9006225,2026-07-19 22:59:20.166480559,burn-rate,Active,0,0
JN8AT3MM5PW010464,2026-07-04 12:29:39.559118248,burn-rate,InActive,0,0
JN1BT2MM7NW023307,2026-07-29 00:00:00.000000000,schedule,InActive,0,0
JN1BT2MK1LW014159,2026-07-26 00:00:00.000000000,schedule,InActive,0,0
3N1CP5CP6RL464055,2026-07-22 14:29:03.750000000,burn-rate,InActive,0,0
1N4BL4A98NN373937,2026-07-19 00:00:00.000000000,schedule,InActive,0,0
MNTAD3N02R6007862,2026-07-19 15:07:59.001004747,burn-rate,Lapsed,0,0
JN8FY1NY8RX105997,2026-07-08 01:08:34.285714281,burn-rate,Lapsed,0,0
JN8BY3NY3S9005570,2026-07-26 22:10:42.633107454,burn-rate,Active,0,0
JN8BY3NY0S9013576,2026-07-18 07:58:44.607329843,burn-rate,Active,0,0
JN8AY3NY7S9010377,2026-07-17 15:12:36.653898432,burn-rate,Active,0,0
1N4BL4AP0RN435819,2026-07-08 22:05:36.231884056,burn-rate,Active,0,0
JN1BZ4EH1PM500226,2026-07-12 03:04:31.119842824,burn-rate,Lapsed,0,0
VF1HSRGJ9HA539947,2026-07-30 00:00:00.000000000,schedule,InActive,0,1
MNTAD3N68N6003359,2026-07-06 00:00:00.000000000,schedule,InActive,0,0
MNTAD3N0XM6000070,2026-07-06 00:00:00.000000000,schedule,InActive,0,0
JN8BY3NY3S9000210,2026-07-27 23:05:50.487979056,burn-rate,Active,0,0
JN8BY3NY0S9012282,2026-07-11 05:10:53.975623909,burn-rate,Active,0,0
JN8AY3NY8S9009173,2026-07-22 18:40:00.000000001,burn-rate,Active,0,0
JN8AY3NY6S9011780,2026-07-14 03:46:47.081273712,burn-rate,Active,0,0
JN8AY2NY7N9448928,2026-07-13 00:00:00.000000000,schedule,InActive,0,0
JN8AY2NY4P9470968,2026-07-03 05:33:41.292775667,burn-rate,InActive,0,0
3N1CP5CP6JL480566,2026-07-26 00:00:00.000000000,schedule,InActive,0,1
3N1CP5C95RL461598,2026-07-08 21:25:20.394221082,burn-rate,InActive,0,0
1N4BL4AP3SN360247,2026-07-26 17:10:18.787797341,burn-rate,Active,0,0
5N1DL1M22RC346035,2026-07-18 14:39:19.408033817,burn-rate,Active,0,0
MNTAD3N84N6001710,2026-07-21 00:00:00.000000000,schedule,InActive,0,0
MNTAD3N66P6005534,2026-07-30 18:28:56.305993039,burn-rate,InActive,0,0
JN8FY1NYXPX102323,2026-07-08 02:15:12.891246690,burn-rate,InActive,0,0
JN8FY1NY9PX102135,2026-07-23 12:53:59.571485255,burn-rate,InActive,0,0
JN8FY1NY0NX100528,2026-07-13 00:00:00.000000000,schedule,InActive,0,0
JN8BY3NY8S9009548,2026-07-03 15:45:58.878504676,burn-rate,Active,0,1
JN8BY3NY6S9004283,2026-07-21 13:31:06.048080970,burn-rate,Active,0,0
JN8AY3NYXS9003245,2026-07-30 15:47:02.504537211,burn-rate,Active,0,0
JN8AY3NY7S9010802,2026-07-25 04:45:08.475439037,burn-rate,Active,0,0
JN8AY3NY5S9005064,2026-07-30 08:00:05.550202353,burn-rate,Active,0,0
JN8AY3NY1S9005353,2026-07-07 11:59:22.178828371,burn-rate,Active,0,0
JN8AY3NY1S9002923,2026-07-20 08:52:27.129561850,burn-rate,Active,0,0
JN8AY3NY0S9004596,2026-07-01 12:54:23.336214341,burn-rate,Active,0,0
JN8AY3NY0S9001438,2026-07-15 03:52:18.417376329,burn-rate,Active,0,0
JN8AT3MM8PW005369,2026-07-23 20:36:21.252027254,burn-rate,InActive,0,0
5N1DL1MW9NC336504,2026-07-14 00:00:00.000000000,schedule,InActive,1,0
3N1CP5C95PL463428,2026-07-25 00:00:00.000000000,schedule,InActive,0,0
1N4BL4APXRN422642,2026-07-20 05:04:20.483967095,burn-rate,Active,0,0
JN8AY3NY3S9005712,2026-07-27 16:28:06.227544910,burn-rate,Active,0,0
JN8AY3NY3S9005399,2026-07-10 12:13:09.002356633,burn-rate,Active,0,0
JN8AY3NY3S9005337,2026-07-12 13:47:33.781512606,burn-rate,Active,0,0
JN8AY3NY1S9005045,2026-07-14 01:51:34.244684406,burn-rate,Active,0,0
JN8AY3NY1S9004462,2026-07-20 20:02:43.113233610,burn-rate,Active,0,0
JN8AY3NY0S9004646,2026-07-18 19:34:41.913102051,burn-rate,Active,0,0
JN8AY3NY0S9002380,2026-07-10 23:21:38.969072164,burn-rate,Active,0,0
JN8AY2NY8R9503229,2026-07-02 19:57:58.391775288,burn-rate,Active,0,0
JN8AY2NY1R9498438,2026-07-27 15:24:38.976799530,burn-rate,Lapsed,0,0
JN8AT3MMXRW013086,2026-07-12 05:02:05.874125873,burn-rate,Active,0,0
JN1BT2MMXNW023270,2026-07-16 13:42:05.950100010,burn-rate,InActive,0,0
5N1DR3MR9RC252743,2026-07-29 06:16:51.668036160,burn-rate,Active,0,0
1N4BL4A95NN379081,2026-07-28 00:00:00.000000000,schedule,Active,0,1
1N4AA6AP6NC505973,2026-07-06 00:00:00.000000000,schedule,InActive,0,0
JN8BY3NY3S9002216,2026-07-04 20:40:48.058847569,burn-rate,Active,0,0
JN8AY3NYXS9007487,2026-07-17 00:10:21.294363253,burn-rate,Active,0,0
JN8AY3NY8S9004846,2026-07-23 07:16:14.264281597,burn-rate,Active,0,0
JN8AY3NY5S9006537,2026-07-05 13:10:20.284448594,burn-rate,Active,0,1
JN8AY3NY5S9006179,2026-07-30 11:36:53.405920379,burn-rate,Active,0,0
JN8AY3NY3S9006326,2026-07-18 20:10:40.702646484,burn-rate,Active,1,0
JN8AY3NY1S9000685,2026-07-26 14:50:15.640253404,burn-rate,Active,0,0
JN8AY2NY6R9496099,2026-07-21 16:42:18.182647365,burn-rate,Lapsed,0,0
JN8AY2NY4R9501929,2026-07-19 18:40:49.878399293,burn-rate,Active,0,0
JN8AT3MM2RW015687,2026-07-24 16:27:44.299521815,burn-rate,Active,0,0
JN8AT3MM0RW016725,2026-07-16 16:49:46.274284398,burn-rate,Active,0,0
JN1BT2MM7NW023310,2026-07-27 00:00:00.000000000,schedule,InActive,0,0
3PCAJ5N36NF115504,2026-07-25 00:00:00.000000000,schedule,InActive,0,0
3N1CP5C99RL512973,2026-07-27 19:47:29.999999993,burn-rate,Active,0,0
3N1CP5C93PL463525,2026-07-14 00:00:00.000000000,schedule,InActive,0,0
3N1CP5C91PL463488,2026-07-25 00:00:00.000000000,schedule,InActive,0,0
1N4BL4AP5SN322423,2026-07-05 03:12:04.738512162,burn-rate,Active,0,0
1N4AL4AP7RN342467,2026-07-12 19:19:35.659229208,burn-rate,Active,0,0
JN8AY2NY0R9500079,2026-07-01 12:05:16.251830165,burn-rate,Active,0,0
VF1LRRDX8PR049756,2026-07-28 00:00:00.000000000,schedule,InActive,0,0
JN8FY1JY1PX100708,2026-07-30 06:21:52.228291152,burn-rate,Lapsed,0,0
JN8BY3NY9S9000583,2026-07-17 22:53:04.814766332,burn-rate,Active,0,0
JN8BY3NY6S9001674,2026-07-07 11:20:57.014791572,burn-rate,Active,0,0
JN8BY3NY1S9000187,2026-07-30 15:36:36.191926889,burn-rate,Active,0,0
JN8BY2NY9L9318070,2026-07-26 00:00:00.000000000,schedule,InActive,0,0
JN8BY2NY8P9412138,2026-07-07 18:14:10.991217056,burn-rate,Lapsed,0,0
JN8AY3NY6S9003517,2026-07-16 09:03:52.350597601,burn-rate,Active,0,0
JN8AY3NY6S9002660,2026-07-11 09:51:41.730103802,burn-rate,Active,0,1
JN8AY3NY2S9002879,2026-07-18 20:51:04.723032067,burn-rate,Active,0,0
JN8AY3NY2S9000372,2026-07-14 10:57:14.454358277,burn-rate,Active,1,0
JN8AY2NY8P9473405,2026-07-15 15:10:35.792778645,burn-rate,Lapsed,0,0
JN8AY2NY5N9449107,2026-07-29 00:00:00.000000000,schedule,InActive,0,0
JN8AY2NY1N9450240,2026-07-06 00:00:00.000000000,schedule,InActive,0,0
JN8AT3MM6RW013831,2026-07-23 12:00:10.928408803,burn-rate,Active,0,0
JN8AT3MM5PW005118,2026-07-30 20:45:11.341734615,burn-rate,InActive,0,0
JN1BT2MW9NW021978,2026-07-07 23:51:25.435841918,burn-rate,InActive,0,0
3N1CP5CP9RL464034,2026-07-18 10:01:30.541279391,burn-rate,Active,0,0
3N1CP5C94PL463517,2026-07-25 00:00:00.000000000,schedule,InActive,0,0
1N4BL4AP8RN429203,2026-07-14 10:06:40.461573968,burn-rate,Active,0,0
1N4BL4AP7PN385238,2026-07-17 09:53:40.258470134,burn-rate,Lapsed,0,0
JN8FY1NY9NX101774,2026-07-23 11:17:59.999999997,burn-rate,Lapsed,0,0
JN8FY1NY1PX103585,2026-07-09 10:20:10.104412266,burn-rate,Lapsed,0,0
JN8BY3NY5S9003366,2026-07-27 09:23:12.318870672,burn-rate,Active,0,0
JN8AY3NY9S9003804,2026-07-09 21:10:48.722917033,burn-rate,Active,0,1
JN8AY3NY6S9000844,2026-07-24 04:17:00.723211319,burn-rate,Active,0,0
JN8AY3NY0S9001682,2026-07-06 14:04:17.892544765,burn-rate,Active,0,1
JN8AY2NY7P9475291,2026-07-07 09:54:08.395455453,burn-rate,Lapsed,0,0
JN8AY2NY6P9470695,2026-07-30 19:54:33.201352002,burn-rate,InActive,0,0
JN8AY2NY2R9499405,2026-07-06 10:15:48.449916060,burn-rate,Active,0,0
3PCAJ5M33NF116434,2026-07-31 00:00:00.000000000,schedule,InActive,0,0
3PCAJ5M31MF127494,2026-07-16 22:30:42.775198035,burn-rate,InActive,0,0
VF1HGRNB6NC358625,2026-07-27 00:00:00.000000000,schedule,InActive,0,0
MNTAD3N08N6003423,2026-07-23 00:00:00.000000000,schedule,InActive,0,0
JN8BY3NY2S9001493,2026-07-10 22:03:16.795475962,burn-rate,Active,0,0
JN8BY2NY6N9375233,2026-07-07 00:00:00.000000000,schedule,InActive,0,0
JN8AY2NY0N9447474,2026-07-29 00:00:00.000000000,schedule,InActive,0,0
1N4BL4AP8RN330736,2026-07-13 20:04:38.348392990,burn-rate,Lapsed,0,0
1N4BL4AP2RN422294,2026-07-03 21:20:39.660562752,burn-rate,Active,0,0
JN8AY2NY6R9500832,2026-07-20 20:40:23.954244703,burn-rate,Active,0,0
1N4BL4A99NN374661,2026-07-19 00:00:00.000000000,schedule,InActive,0,0
VSKDD3C49NA175157,2026-07-27 00:00:00.000000000,schedule,InActive,0,0
VF1LRRDX1PR049761,2026-07-25 00:00:00.000000000,schedule,InActive,0,0
MNTAD3N84P6004190,2026-07-17 11:46:21.786875840,burn-rate,Active,0,0
MNTAD3N61R6006772,2026-07-07 03:38:29.092851795,burn-rate,Active,0,0
MNTAD3N07P6006932,2026-07-05 07:28:04.560570076,burn-rate,Active,0,0
JNRAZ2NYXN9135218,2026-07-07 00:00:00.000000000,schedule,InActive,0,0
JNKBY1AP2JM370037,2026-07-18 00:00:00.000000000,schedule,InActive,0,0
JN8FY1NY5NX101738,2026-07-12 15:54:36.404494390,burn-rate,InActive,0,0
JN8BY2NY5R9449778,2026-07-12 15:44:38.793397845,burn-rate,Active,0,0
JN8BY2NY0R9449235,2026-07-25 01:46:59.869605720,burn-rate,Active,0,0
JN8AY3NY5S9001595,2026-07-22 01:12:24.983656018,burn-rate,Active,0,1
JN8AY2NY9N9447375,2026-07-07 00:00:00.000000000,schedule,InActive,0,0
JN8AT3MT6RW022990,2026-07-07 05:25:05.778542994,burn-rate,Active,0,0
JN8AT3MM8RW014897,2026-07-24 13:20:23.670306444,burn-rate,Active,0,0
JN8AT3MM6RW017121,2026-07-18 06:47:14.102939523,burn-rate,Active,0,0
3PCAJ5N37NF115480,2026-07-21 00:00:00.000000000,schedule,InActive,0,0
3PCAJ5N32NF115810,2026-07-25 00:00:00.000000000,schedule,InActive,0,0
3N1CP5C92PL497214,2026-07-10 02:01:15.899672841,burn-rate,InActive,0,0
1N4BL4A99NN380332,2026-07-18 00:00:00.000000000,schedule,InActive,0,0
1N4BL4A93NN381346,2026-07-21 00:00:00.000000000,schedule,InActive,0,0
JN8AY2NYXR9500767,2026-07-22 13:32:31.033644100,burn-rate,Active,0,0
MNTAD3N65P6006271,2026-07-01 14:59:40.308739520,burn-rate,Active,0,0
JN8FY1NYXRX104026,2026-07-08 04:51:34.383937870,burn-rate,Active,0,0
JN8FY1NY8MX040013,2026-07-23 18:59:32.118451031,burn-rate,InActive,0,0
JN8FY1NY6NX101263,2026-07-03 14:45:48.919449896,burn-rate,InActive,0,0
JN8BY2NY8R9459074,2026-07-27 20:00:30.275533906,burn-rate,Active,0,0
JN8BY2NY8R9447667,2026-07-03 17:09:03.181552151,burn-rate,Active,0,1
5N1DR3MR3RC278318,2026-07-28 16:05:42.404227212,burn-rate,Active,0,0
JN8FY1NYXRX104138,2026-07-21 16:07:24.953899834,burn-rate,Active,0,0
JN8BY2NY7P9403642,2026-07-28 01:50:19.632881088,burn-rate,InActive,0,0
JN8AY2NY7R9496015,2026-07-16 00:40:20.784513498,burn-rate,Active,0,0
JN8AY2NY5R9498524,2026-07-04 14:17:07.492130113,burn-rate,Active,0,0
JN8AY2NY4R9498403,2026-07-06 21:22:06.411749816,burn-rate,Active,0,0
JN8AY2NY2R9497539,2026-07-20 18:21:26.395576545,burn-rate,Active,0,0
1N4BL4AP2RN330487,2026-07-24 15:25:21.858500530,burn-rate,Active,0,0
VF18SRB49NG032590,2026-07-29 00:00:00.000000000,schedule,InActive,0,0
MNTAD3N66N6002713,2026-07-29 00:00:00.000000000,schedule,InActive,0,1
JN8AY2NYXN9450835,2026-07-18 00:00:00.000000000,schedule,InActive,0,0
JN8AT3MTXPW005686,2026-07-01 15:32:38.343846768,burn-rate,Lapsed,0,0
JN8AT3MM9PW006286,2026-07-21 14:36:43.570864264,burn-rate,Active,0,0
3N1CP5C98PL521032,2026-07-19 04:49:57.952218420,burn-rate,Lapsed,0,0
1N4BL4A93NN381234,2026-07-27 00:00:00.000000000,schedule,InActive,0,0
JN8FY1NY6PX102643,2026-07-18 07:14:02.007831966,burn-rate,Lapsed,0,0
JN8AY2NYXR9497269,2026-07-27 14:53:47.586206895,burn-rate,Active,0,0
JN8AY2NYXR9495148,2026-07-03 13:26:39.697199087,burn-rate,Active,0,1
JN8AY2NY8P9477762,2026-07-01 15:50:32.563761642,burn-rate,Active,0,0
JN8AY2NY4N9450488,2026-07-14 00:00:00.000000000,schedule,InActive,0,1
JN8AY2NY1P9475089,2026-07-06 00:27:39.745305417,burn-rate,Lapsed,0,0
JN8AY2NY0P9470577,2026-07-18 00:09:18.139534873,burn-rate,InActive,0,0
JN8AT3MT8RW021677,2026-07-26 23:50:18.461538458,burn-rate,Active,0,1
JN8AT3MM3RW013625,2026-07-17 06:14:30.528967251,burn-rate,Active,0,1
1N4BL4AP2RN383187,2026-07-17 08:22:34.312458201,burn-rate,Active,0,0
1N4BL4AP0RN389098,2026-07-25 07:58:19.056349418,burn-rate,Active,0,0
1N4BL4A95NN379890,2026-07-13 00:00:00.000000000,schedule,InActive,0,0
JN8BY2NY7R9445473,2026-07-06 15:52:01.507446053,burn-rate,Active,0,0
JN8BY2NY6R9445030,2026-07-28 16:51:58.239311909,burn-rate,Active,0,0
JN8AY2NY7R9495236,2026-07-25 02:33:34.109926165,burn-rate,Active,0,1
JN8AT3MM9PW009141,2026-07-04 00:22:30.639507346,burn-rate,Active,0,1
1N4BL4AP3RN330823,2026-07-03 16:23:15.881466598,burn-rate,Active,0,0
1N4BL4A99NN382453,2026-07-19 00:00:00.000000000,schedule,InActive,0,1
VF1HGRND6NC371456,2026-07-23 00:00:00.000000000,schedule,InActive,0,0
MNTAD3N04P6007116,2026-07-01 08:32:39.659781284,burn-rate,Active,0,0
JN8BY2NY4N9374291,2026-07-19 00:00:00.000000000,schedule,InActive,0,0
JN8BY2NY1P9400901,2026-07-09 12:22:44.612326050,burn-rate,Active,0,0
JN8AY2NY5N9449222,2026-07-12 00:00:00.000000000,schedule,InActive,0,1
JN8AY2NY2N9449310,2026-07-25 00:00:00.000000000,schedule,Active,0,0
JN8AY2NY1N9450805,2026-07-21 00:00:00.000000000,schedule,InActive,0,0
JN8AT3MV9RW002072,2026-07-07 13:40:20.537897306,burn-rate,Active,0,0
5N1DR3MR3PC278347,2026-07-17 17:30:01.956096504,burn-rate,Active,0,0
3N1CP5CPXRL476578,2026-07-21 01:25:48.365044999,burn-rate,Active,0,0
3N1CP5C96PL506951,2026-07-23 09:38:13.795031722,burn-rate,Lapsed,0,0
3N1CP5C94PL463422,2026-07-26 00:00:00.000000000,schedule,Lapsed,0,0
JN8BY2NY0N9376295,2026-07-28 00:00:00.000000000,schedule,Lapsed,0,0
VF1LRRDX4PR049771,2026-07-05 00:00:00.000000000,schedule,InActive,0,0
JNRAZ2NY6P9150334,2026-07-10 19:51:43.448275857,burn-rate,Active,0,0
JN8BY2NY1P9411364,2026-07-16 21:47:03.136818684,burn-rate,Active,0,0
JN8AY2NY8R9495892,2026-07-15 15:00:20.687323942,burn-rate,Active,0,1
JN8AT3MM1RW011887,2026-07-12 17:12:48.234851337,burn-rate,Active,0,0
JN1BT2MW3NW022057,2026-07-30 12:33:52.231020024,burn-rate,Lapsed,0,0
3N1CP5CP4RL466063,2026-07-04 16:23:40.559158072,burn-rate,Active,0,1
3N1CP5CP3PL462325,2026-07-19 00:00:00.000000000,schedule,InActive,0,0
1N4BL4A98NN381598,2026-07-20 00:00:00.000000000,schedule,InActive,0,0
1N4BL4A96NN381342,2026-07-18 00:00:00.000000000,schedule,Lapsed,0,0
JN8FY1NY9NX100804,2026-07-16 00:00:00.000000000,schedule,Lapsed,0,0
MNTAD3N87P6003308,2026-07-16 03:39:35.366568923,burn-rate,Active,0,0
JN8AY2NYXP9473261,2026-07-12 11:41:13.043478258,burn-rate,Active,0,0
JN8AY2NY6N9453263,2026-07-09 00:59:33.940020684,burn-rate,Lapsed,0,1
JN8AY2NY3P9475854,2026-07-05 19:15:36.677115987,burn-rate,Active,0,0
JN8AY2NY2P9477630,2026-07-21 23:03:10.840529024,burn-rate,Active,0,1
JN8AT3MM4PW006342,2026-07-17 19:43:11.082802546,burn-rate,Active,0,0
JN8AT3MM3PW005814,2026-07-14 04:35:34.460135664,burn-rate,Active,0,0
5N1DL1M21PC346377,2026-07-08 09:31:26.271324131,burn-rate,Active,0,0
3PCAJ5N3XNF116588,2026-07-31 00:00:00.000000000,schedule,Lapsed,0,0
3N1CP5C92PL464407,2026-07-22 16:47:26.996180104,burn-rate,InActive,0,0
1N4BL4AP8PN391095,2026-07-13 23:46:44.624277459,burn-rate,Active,0,1
1N4BL4AP3PN353757,2026-07-27 09:46:19.567779962,burn-rate,Active,0,0
MNTAD3N01N6003361,2026-07-12 00:00:00.000000000,schedule,InActive,0,0
JNRAZ2NY2P9150007,2026-07-25 06:43:10.459206422,burn-rate,Active,0,1
JN8AY2NY6R9495535,2026-07-17 18:45:03.557312259,burn-rate,Active,0,1
JN8AT3MM6PW007928,2026-07-17 21:11:32.576758650,burn-rate,Active,0,0
5N1DR2M52LC577989,2026-07-06 00:00:00.000000000,schedule,InActive,0,0
VF1LRRDX3PR049809,2026-07-13 00:00:00.000000000,schedule,Lapsed,0,0
MNTAD3N03P6004613,2026-07-26 14:34:35.062841300,burn-rate,Active,0,0
JN8FY1NY8MX037516,2026-07-20 00:00:00.000000000,schedule,Lapsed,0,1
1N4BL4AP8PN350563,2026-07-27 15:37:55.329688004,burn-rate,Active,0,0
JN8BY2NY1P9406889,2026-07-10 08:00:54.629519866,burn-rate,Active,0,0
JN8AY2NY6P9474987,2026-07-12 21:32:56.261127603,burn-rate,Active,0,0
JN8AY2NY3P9476776,2026-07-15 04:44:02.648052231,burn-rate,Active,0,1
JN8AY2NY1P9470832,2026-07-02 07:55:37.167145893,burn-rate,Active,0,1
JN8AT3MT6PW004065,2026-07-04 08:00:07.851690285,burn-rate,Active,0,0
JN8AT3MM4PW005949,2026-07-05 21:30:41.611352716,burn-rate,Active,0,1
5N1DR3MR9PC221201,2026-07-04 13:21:30.566037726,burn-rate,Active,0,1
3N1CP5C95PL463235,2026-07-15 00:00:00.000000000,schedule,Lapsed,0,1
3N1CP5C9XPL463540,2026-07-20 00:00:00.000000000,schedule,Lapsed,0,0
JN8BY2NY6P9411697,2026-07-16 06:19:04.309048485,burn-rate,Active,0,0
JNRAZ2NY7P9150116,2026-07-08 18:40:12.419146188,burn-rate,Active,0,0
JN8AY2NY9P9477219,2026-07-29 05:34:35.294117649,burn-rate,Active,0,0
JN8AY2NY7P9470365,2026-07-03 07:24:02.302421204,burn-rate,Active,0,0
JN8AY2NY0N9447555,2026-07-05 00:00:00.000000000,schedule,Lapsed,0,0
JN8AT3MT5PW004333,2026-07-08 23:17:02.568093397,burn-rate,Active,0,0
JNRAZ2NY5N9135076,2026-07-31 00:00:00.000000000,schedule,Lapsed,0,0
JN8AY2NY4P9470971,2026-07-18 04:34:40.120287830,burn-rate,Active,1,0
JN8AY2NY0P9472989,2026-07-03 18:32:55.506548745,burn-rate,Active,1,1
MNTAD3N83P6002589,2026-07-19 14:15:25.575101481,burn-rate,Active,0,0
JN8BY2NY8P9404945,2026-07-04 22:11:59.745672890,burn-rate,Active,0,1
JN8BY2NY1P9407508,2026-07-02 08:48:01.713265908,burn-rate,Active,0,0
JN8AY2NY2N9452045,2026-07-11 05:28:33.855881396,burn-rate,Active,0,1
3N1CP5C93PL463508,2026-07-23 00:00:00.000000000,schedule,Lapsed,0,0
3N1CP5C9XPL463571,2026-07-31 00:00:00.000000000,schedule,Active,0,0
VF1LRRDXXPR049743,2026-07-28 00:00:00.000000000,schedule,Lapsed,0,0
JN8BY2NY9P9400287,2026-07-15 06:36:36.742671005,burn-rate,Active,0,1
JN8AT3MT9PW004299,2026-07-05 15:00:32.206759453,burn-rate,Active,0,0
3N1CP5CP3PL501849,2026-07-21 20:11:06.064981944,burn-rate,Active,0,1
MNTAD3N06P6003682,2026-07-28 03:13:50.004601924,burn-rate,Active,0,0
JNRAZ2NYXN9135140,2026-07-28 00:00:00.000000000,schedule,Active,0,1
JN8BY2NY4N9378681,2026-07-08 21:00:31.205673766,burn-rate,Active,0,1
JN8BY2NYXP9407149,2026-07-16 19:56:56.354088505,burn-rate,Active,0,1
JN8AY2NYXP9474376,2026-07-11 17:39:45.138052486,burn-rate,Active,0,1
JN8AT3MM7PW000986,2026-07-19 21:24:27.300965443,burn-rate,Active,0,1
JN8AT3MM3PW002413,2026-07-09 03:21:56.884049311,burn-rate,Active,0,0
JN1EV7AP9NM460191,2026-07-26 00:00:00.000000000,schedule,Active,0,0
5N1DR3MRXNC250610,2026-07-25 00:00:00.000000000,schedule,Active,0,0
1N4BL4A92NN379815,2026-07-19 00:00:00.000000000,schedule,Lapsed,0,0
JN8AY2NY5N9448748,2026-07-20 00:00:00.000000000,schedule,Active,0,0
MNTAD3N85P6002142,2026-07-05 14:18:34.110429433,burn-rate,Active,0,0
JN8FY1NY0NX100738,2026-07-25 00:00:00.000000000,schedule,Active,0,0
JN1BT2MM7NW023565,2026-07-09 03:23:55.212035311,burn-rate,Active,0,0
1N4AA6AP4NC506068,2026-07-27 00:00:00.000000000,schedule,Active,0,0
JN1BT2MK6NW020378,2026-07-29 00:00:00.000000000,schedule,Active,0,1
MNTAD3N05N6003461,2026-07-21 00:00:00.000000000,schedule,Active,0,0
JN8BY2NY8N9375881,2026-07-23 22:09:42.690834832,burn-rate,Active,0,0
JN8AY2NYXN9449121,2026-07-18 00:00:00.000000000,schedule,Active,0,0
JN1BT2MKXNW020285,2026-07-07 00:00:00.000000000,schedule,Active,0,0
5N1DL1MX3NC337835,2026-07-29 00:00:00.000000000,schedule,Active,0,0
3N1CP5C97PL463463,2026-07-26 00:00:00.000000000,schedule,Active,0,0
1N4BL4A93NN377328,2026-07-19 00:00:00.000000000,schedule,Active,0,0
1N4AA6AP9NC506079,2026-07-27 00:00:00.000000000,schedule,Active,0,0
5N1DL1MW0NC337847,2026-07-29 20:10:20.256111765,burn-rate,Active,0,0
JN8AY2NY4N9451737,2026-07-03 23:58:20.346020760,burn-rate,Active,0,1
5N1DL1MW3NC336725,2026-07-07 00:00:00.000000000,schedule,Active,0,1
VF1HGRNB4LC341853,2026-07-26 00:00:00.000000000,schedule,Active,0,1
MNTAD3N82N6001754,2026-07-06 00:00:00.000000000,schedule,Active,0,0
JN8BY2NY9N9374139,2026-07-26 18:41:21.702127657,burn-rate,Active,0,0
5N1DR2M51KC575407,2026-07-19 00:00:00.000000000,schedule,Lapsed,0,1
3N1CP5C93PL463475,2026-07-22 00:00:00.000000000,schedule,Active,1,0
1N4BL4A98NN380970,2026-07-18 00:00:00.000000000,schedule,Active,0,0
JN8BY2NYXN9373405,2026-07-03 10:46:41.407176601,burn-rate,Active,0,0
JN8BY2NY1N9372465,2026-07-06 00:00:00.000000000,schedule,Active,0,0
JN8AY2NY5N9450273,2026-07-15 00:00:00.000000000,schedule,Active,0,1
JN8AY2NY4N9447901,2026-07-27 00:00:00.000000000,schedule,Active,0,1
5N1DR3MR4NC249808,2026-07-13 00:00:00.000000000,schedule,Active,0,1
3N1CP5C92PL463399,2026-07-28 00:00:00.000000000,schedule,Active,0,0
VF1HGRNB2NC358590,2026-07-27 00:00:00.000000000,schedule,Active,0,1
JNRAZ2NY5N9135143,2026-07-29 00:00:00.000000000,schedule,Active,0,1
JN8AY2NY9N9450678,2026-07-29 00:00:00.000000000,schedule,Active,1,0
JN8AY2NY7N9449805,2026-07-05 00:00:00.000000000,schedule,Active,0,1
JN1BT2MK4NW020184,2026-07-21 00:00:00.000000000,schedule,Active,0,1
JN1BT2MK6LW013024,2026-07-31 00:00:00.000000000,schedule,Active,0,1
JN8BY2NY4N9373951,2026-07-15 00:00:00.000000000,schedule,Active,0,0
JN1FV7AP0JM720007,2026-07-28 00:00:00.000000000,schedule,Active,0,0
VF1HGRND9JC292230,2026-07-30 00:00:00.000000000,schedule,Active,0,1
MNTAD3N03N6003457,2026-07-28 00:00:00.000000000,schedule,Active,0,1
JN8BY2NY7L9301476,2026-07-27 00:00:00.000000000,schedule,Active,0,1
JN8BY2NY4N9374226,2026-07-18 00:00:00.000000000,schedule,Active,0,1
1N4AA6AP0NC505838,2026-07-04 00:00:00.000000000,schedule,Active,0,1
VF1HGRND9NC371404,2026-07-28 00:00:00.000000000,schedule,Active,0,1
JN8AY2NY4N9449860,2026-07-05 00:00:00.000000000,schedule,Active,0,1
3N1CP5C94PL463503,2026-07-25 00:00:00.000000000,schedule,Active,0,1
JNRAZ2NYXN9135204,2026-07-07 00:00:00.000000000,schedule,Active,0,1
