milestone,reachable,no_due_date,p10_mo,median_mo,p90_mo,burn_used_%
20,425,0,-4.566360052562418,-0.164257555847569,2.726675427069645,49.608938547486034
30,490,0,-4.641918528252299,-0.2956636005256242,5.384362680683318,50.086902545003106
40,400,0,-5.8607095926412605,0.3120893561103811,8.222733245729312,50.237947444651354
50,415,0,-7.752956636005256,0.2628120893561104,11.59658344283837,50.38071591144217
60,324,0,-7.12549277266754,0.7720105124835742,15.611038107752954,50.49244775501759
70,255,0,-7.50328515111695,1.5768725361366622,20.453350854139288,50.577281191806335
80,194,0,-12.082785808147172,0.04927726675427069,22.549277266754306,50.59176494930685
90,142,0,-11.806833114323256,3.1537450722733245,21.45860709592642,50.64969997930891
100,101,0,-16.62286465177398,2.1681997371879107,19.152431011826543,50.653838195737634
