milestone,actual,recall_+-0d,cands_+-0d,recall_+-15d,cands_+-15d,recall_+-30d,cands_+-30d,recall_+-60d,cands_+-60d,recall_+-90d,cands_+-90d,recall_+-180d,cands_+-180d
20,526,19.011406844106464,510,34.4106463878327,977,45.05703422053232,1448,56.653992395437264,2406,62.73764258555133,3335,72.6235741444867,5806
30,554,9.566787003610107,626,23.646209386281587,1355,33.935018050541515,1968,53.24909747292419,3346,61.191335740072205,4488,76.17328519855596,7536
40,444,7.207207207207207,478,16.216216216216218,1010,25.45045045045045,1557,38.513513513513516,2684,45.4954954954955,3893,67.34234234234235,7730
50,453,8.388520971302428,565,17.218543046357617,1150,23.620309050772626,1724,35.09933774834437,2881,44.370860927152314,3986,61.36865342163355,7118
60,356,5.056179775280899,501,11.235955056179776,1014,16.853932584269664,1559,26.40449438202247,2694,36.235955056179776,3746,57.02247191011236,6775
70,280,5.714285714285714,419,11.785714285714286,878,17.857142857142858,1372,25.714285714285715,2304,33.57142857142857,3318,53.92857142857143,6151
80,221,3.167420814479638,366,4.072398190045249,729,6.787330316742081,1109,15.83710407239819,1962,27.149321266968325,2845,42.081447963800905,5324
90,165,5.454545454545454,399,7.878787878787879,813,8.484848484848484,1185,13.333333333333334,1986,19.393939393939394,2842,36.96969696969697,5113
100,119,0.8403361344537815,367,2.5210084033613445,725,5.042016806722689,1122,12.605042016806722,1955,17.647058823529413,2785,34.45378151260504,5236
