milestone,candidates,cand_open,actual,actual_in_eda,overlap,overlap_open,recall_%,recall_open_%,precision_%,precision_open_%
20,512,324,526,425,100,100,19.011406844106464,19.011406844106464,19.53125,30.864197530864196
30,628,347,554,490,53,53,9.566787003610107,9.566787003610107,8.439490445859873,15.27377521613833
40,478,309,444,400,32,32,7.207207207207207,7.207207207207207,6.694560669456067,10.35598705501618
50,566,385,453,415,38,38,8.388520971302428,8.388520971302428,6.713780918727915,9.87012987012987
60,504,362,356,324,18,17,5.056179775280899,4.775280898876405,3.5714285714285716,4.696132596685083
70,419,300,280,255,16,15,5.714285714285714,5.357142857142857,3.818615751789976,5.0
80,367,302,221,194,7,6,3.167420814479638,2.7149321266968327,1.9073569482288828,1.9867549668874172
90,402,328,165,142,9,9,5.454545454545454,5.454545454545454,2.2388059701492535,2.7439024390243905
100,370,324,119,101,1,1,0.8403361344537815,0.8403361344537815,0.2702702702702703,0.30864197530864196
