VIN,prob_turnup,pred,TargetFlag
3N1CP5CP0RL543818,0.97309923,1,0
JN8FY1NYXMX036738,0.9688347,1,0
3N1CP5CP5PL521875,0.96855795,1,0
3N1CP5C93LL479167,0.96674657,1,0
JN8AT3MM0RW017471,0.9663146,1,1
JN8AY3NY9S9005200,0.9656741,1,1
1N4BL4AP3RN434079,0.9653518,1,1
JN8AT3MM6RW014980,0.96512544,1,1
JN8AT3MM1RW016295,0.96512127,1,1
3N1CP5CP3RL531677,0.9650092,1,1
3N1CP5C91RL545739,0.96496934,1,1
JN8FY1NY5RX104418,0.96493065,1,0
JN8BY3NY1S9010492,0.964807,1,1
JN8BY3NY7T9051341,0.96463317,1,1
3N1CN8AD7RL889302,0.96454465,1,1
JN8BY3NY1T9050007,0.96443903,1,1
1N4BL4A95RN327911,0.96443,1,1
JN8AT3MM9RW017307,0.9643537,1,1
JN8AT3MM8SW029065,0.9641307,1,1
JN8AY2NY5R9501745,0.9640932,1,1
JN8AY3NY9S9004208,0.96395916,1,1
JN8AT3MM9RW017310,0.9639212,1,1
JN8AY3NY9S9012325,0.96382594,1,1
1N4BL4AP1RN436915,0.96381456,1,1
VF1LRREX9JR595293,0.96380454,1,0
JN8AY3NY1S9005160,0.9637854,1,1
JN8AT3MT4SW043505,0.96375287,1,0
JN8BY3NY2T9050744,0.96373606,1,1
JN8BY3NY0S9014016,0.9637127,1,1
JN8FY1NY3RX106457,0.9635885,1,1
JN8BY3NY0T9055781,0.9635571,1,1
JN8BY3NYXS9007655,0.96353954,1,1
JN8BY2NY6P9411862,0.9634876,1,0
JN8AY3NY8S9000974,0.96347123,1,1
3N1CN8AD6RL805664,0.96338993,1,1
VSKDD3C41NA171216,0.96335065,1,0
JN8AY3NYXS9004413,0.9633457,1,1
JN8BY3NY8S9000798,0.96322966,1,1
MNTAD3N83R6004605,0.9632174,1,1
JN8AT3MM9RW014374,0.96318793,1,1
JN8AY3NY8S9007021,0.96310145,1,1
JN8AT3MM7RW015295,0.9630523,1,1
JN8AY2NYXR9501739,0.9630413,1,1
JN8AY3NY7S9008614,0.96301997,1,1
JN8FY1NY2RX106336,0.9630007,1,1
JN8AY3NY1S9005546,0.9628739,1,1
JN8AT3MM8RW015306,0.96283793,1,1
1N4BL4AP2RN419489,0.96282965,1,1
MNTAD3N03R6008289,0.96276104,1,1
1N4BL4AP1RN429432,0.96272653,1,1
JN8AY3NYXS9008722,0.96259344,1,1
JN8AY2NY0R9504455,0.9625273,1,1
JN8BY3NYXS9000270,0.962436,1,1
JN8AY3NY6T9102128,0.9623834,1,1
JN8BY3NY8S9004723,0.96232796,1,1
3N1CP5CP3RL564288,0.9622729,1,1
5N1DL1M22RC349758,0.9621647,1,1
MNTAD3N87R6004400,0.962157,1,1
JN8AY3NY4S9011180,0.9621533,1,1
JN8AY3NY2S9000131,0.96215314,1,1
MNTAD3N89R6004320,0.9621208,1,1
JN8BY3NY4S9012544,0.9620842,1,1
JN8AT3MM1RW017673,0.96204644,1,1
JN8AY3NY4S9009896,0.96196556,1,1
JN8BY3NY9S9003886,0.9619562,1,1
JN8BY3NY9S9005363,0.9618962,1,1
JNRAZ3NY5S9000388,0.96171904,1,1
JN8BY3NY9S9012457,0.9616991,1,1
3N1CP5C94RL568335,0.96162516,1,1
5N1DR3MP6RC287139,0.9615955,1,1
JN8AY3NY7S9001713,0.96158093,1,1
MDHBD0FA7SG006420,0.9615133,1,1
JNRAZ2NY0R9160862,0.961427,1,1
JN8AY3NY4S9009316,0.9614127,1,1
5N1DR3MR8RC272272,0.9613288,1,1
3N1CP5CP0RL478470,0.9612906,1,1
JN8AY3NYXS9006209,0.9612858,1,1
JN8AT3MM7RW017127,0.9612418,1,1
JN8AT3MM8RW016553,0.96113485,1,1
3N1CP5C99RL474774,0.9611315,1,1
JN8AY3NY3S9002857,0.9611314,1,1
JN8BY3NY3S9005746,0.9611033,1,1
JN8AY3NY5S9004562,0.9610929,1,1
JN8BY2NY2R9458907,0.96109015,1,1
JN8AY3NY8S9004328,0.96108484,1,1
JN8AY3NY1S9000640,0.9610807,1,1
JN8BY3NY7S9007922,0.96106756,1,1
5N1DR3MP8RC231171,0.96104413,1,0
JN8AY3NY8S9005978,0.9610167,1,1
JN8AY3NY3T9101812,0.9610166,1,1
JN8FY1NY9RX106396,0.9609762,1,1
3N1CP5C9XRL513677,0.9609611,1,1
JN8FY1NY2RX103677,0.9609441,1,1
JN8AY3NY5T9103884,0.9609381,1,1
JN8AT3MM0SW026418,0.96089506,1,1
JN8AY3NY6S9010063,0.96088713,1,1
JN8AY3NY8S9007357,0.9608859,1,1
JN8AY3NY5S9009938,0.96082264,1,1
JN8AY3NY9S9006024,0.9607908,1,1
JN8BY3NY9S9010188,0.9607475,1,1
1N4BL4AP1SN362708,0.9607258,1,0
JN8AY3NY6S9005476,0.96068454,1,1
MNTAD3N00R6008279,0.9606196,1,1
JN8BY3NY8S9014894,0.9606129,1,1
3N1CP5C98RL494675,0.9605403,1,0
JN8BY3NY0S9004408,0.96053153,1,1
MNTAD3N84R6005200,0.9604916,1,1
5N1DR3MR2RC291528,0.9604432,1,1
MNTAD3N8XN6001209,0.96042025,1,0
JN8AT3MM6SW026682,0.9604031,1,1
MNTAD3N07R6008960,0.96040195,1,1
JN8BY3NYXS9007333,0.9603726,1,1
JN8AT3MM8RW014642,0.96036446,1,1
JN8AY3NYXS9000989,0.9603072,1,1
JN8AY2NY9R9499028,0.960274,1,1
JN8AY3NY6S9003775,0.96023816,1,1
MNTAD3N83R6005169,0.9602349,1,1
JN8AY3NY5S9006182,0.96022254,1,1
JN8BY3NY1S9008290,0.9601785,1,1
JN8BY3NY1S9000514,0.96014386,1,1
JN8BY3NY5S9009295,0.96014166,1,1
JN8BY3NY3S9008601,0.9601207,1,1
JN8AY3NY6S9010323,0.9601151,1,1
3N1CP5CP6RL551535,0.9600908,1,1
3N1CN8AD7RL868448,0.9600722,1,1
MDHBD0FA5SG006545,0.96002334,1,1
JN8AY3NY9S9009876,0.9599883,1,1
JN8AY3NY0S9008955,0.959944,1,1
JN8AY3NYXS9008428,0.95986426,1,1
JN8AY3NY1S9008589,0.95984024,1,1
5N1DR3MR8SC231548,0.95983505,1,1
JN8AY3NY2S9003613,0.95979387,1,1
MNTAD3N80R6005338,0.95978904,1,1
JN8BY2NY9R9451081,0.9597763,1,1
5N1DR3MR3RC239471,0.95974874,1,1
JN8AY3NY7S9011593,0.95974535,1,1
JN8AY3NY6S9012556,0.959727,1,1
JN8AT3MM5SW029461,0.95968854,1,1
1N4BL4A9XSN325237,0.959676,1,1
5N1DR3MP7RC235163,0.9596283,1,0
JN8AT3MM9SW029947,0.9596207,1,1
JN8AY3NY1S9008978,0.95960635,1,1
JN8BY3NY6S9007748,0.959598,1,1
MNTAD3N08R6007817,0.9595811,1,1
3N8AP6EF3SL351673,0.9595778,1,1
1N4BL4APXRN435410,0.95957595,1,1
JN8AY2NY3R9501839,0.95956355,1,1
JN8AY2NY6R9498645,0.95956033,1,1
3N1CP5C9XRL513288,0.9595429,1,1
3N1CP5CP3RL505970,0.95952564,1,1
JN8BY3NY9S9009378,0.9595158,1,1
JN8BY3NY4S9007425,0.959498,1,1
JN8AT3MM2RW015849,0.95948493,1,1
JN8BY2NY9R9454594,0.9594802,1,1
JN8BY3NY9S9004584,0.9594604,1,1
MNTAD3N8XR6005640,0.9594091,1,1
JN8AY3NY2S9011842,0.95938325,1,1
3N8AP6EF1SL330773,0.95937246,1,1
JN8AT3MM6SW024267,0.9593633,1,1
JN8AT3MT8SW043510,0.9593152,1,1
JN8AY3NY2S9005880,0.9592756,1,1
JN8AY2NY5N9448958,0.9592713,1,0
JN8AY3NY0S9004906,0.95926505,1,1
JN8AT3MM7RW015491,0.9592333,1,1
5N1DL1M39RC350222,0.9592294,1,1
JN1EV7AP1RM500477,0.95919454,1,1
VF1HSRMXXSA107836,0.9591632,1,1
JN8AY3NYXS9003522,0.95911884,1,1
JN8AY3NY0S9003545,0.95911175,1,1
JN8AY2NYXP9474927,0.9590743,1,0
JN8AY3NY5S9010619,0.9590667,1,1
JN8AY2NY2R9502660,0.9590304,1,1
JN8AT3MM9RW014911,0.9590124,1,1
JN8BY3NY7S9011369,0.959001,1,1
JN8BY3NY2S9009416,0.95900065,1,1
JN8AT3MM8RW016522,0.95899504,1,1
3N8AP6EF7SL342605,0.95894116,1,1
3N1CP5CPXRL566586,0.9589351,1,1
MNTAD3N83R6005639,0.95891327,1,1
MNTAD3N89R6005712,0.95885813,1,1
3N1CN8AD0RL807670,0.9588529,1,1
JN8AY3NY2T9104426,0.95880544,1,1
JN8AY3NY2T9105611,0.95879906,1,1
JN8AY3NY1S9006194,0.958712,1,1
JN8BY3NY2S9012249,0.9586398,1,1
5N1DR3MR7RC278810,0.9586346,1,1
JN8AY3NY3S9006505,0.9585917,1,1
JN8AY3NY8S9009268,0.9585229,1,1
JN8AY3NY7S9009553,0.95848763,1,1
MNTAD3N82R6004983,0.9584845,1,1
JN8AT3MM1SW026203,0.95846355,1,1
JN8BY3NY5S9011855,0.9584549,1,1
JN6BE6BS0S9055202,0.95842814,1,1
JN8FY1NY5RX104757,0.9584267,1,1
JN8FY1NY3RX105888,0.95842224,1,1
JN8BY3NYXS9013455,0.95840734,1,1
3N1CP5CPXRL504511,0.9583871,1,1
3N8AP6EF1SL340641,0.95831794,1,1
JN8AY3NYXS9009109,0.9582601,1,1
JN1BZ4EH5RM520238,0.95825607,1,1
JN8AT3MM3RW017061,0.9582507,1,1
JN8AY3NY6S9009821,0.9582494,1,1
JN8AY3NY2T9102577,0.9582241,1,0
JN8AY3NY3S9008917,0.95820856,1,1
JN8BY3NYXS9011950,0.9582022,1,1
JN8AY3NY8S9002613,0.9581019,1,1
JN8AY3NY8S9011618,0.9580946,1,1
5N1DR3MP1RC250399,0.9580735,1,1
JN8AY3NY6S9006515,0.9580561,1,1
JN8BY3NY7T9051856,0.9580349,1,1
3N8AP6EF1SL340042,0.95802206,1,1
5N1DR3MPXRC269551,0.957994,1,1
JN8AY3NY7T9101330,0.9579816,1,1
JN8AY3NY9T9101913,0.9579804,1,1
MDHBD0FA9SG006547,0.95796454,1,1
JN8AY3NYXS9009708,0.95793825,1,1
3N1CP5C90RL513347,0.9579232,1,0
3N1CP5CPXRL553398,0.95790786,1,1
3N1CP5CP5RL531437,0.9579,1,1
JN8AY3NY5S9007137,0.9578988,1,1
VF1PARM82TC240135,0.95789135,1,1
3N1CP5C98RL591004,0.95788115,1,1
3PCAJ5N38RF107538,0.95788074,1,1
JN8AY3NY1S9010858,0.9578012,1,1
3N1CN8AD8RL811045,0.9576688,1,1
VF1HSRMX9RA080008,0.9576664,1,0
3PCAJ5N38RF114084,0.9576605,1,1
JN8AT3MMXSW029102,0.95759696,1,1
JN8BY3NY4S9009921,0.9575969,1,1
JN8AY3NY9S9009246,0.9575285,1,1
JN8BY3NY4S9009319,0.9575161,1,1
JN8AY3NY5S9010328,0.95751303,1,1
JN8AY3NY8S9012400,0.9573583,1,1
MNTAD3N66R6007688,0.9573351,1,1
MNTAD3N01R6008789,0.95733243,1,1
JN8AT3MM1SW030008,0.95732856,1,1
JN8BY3NY6S9000282,0.95728904,1,1
JN8AT3MM7SW024150,0.9572175,1,1
JN8AY3NY8T9103037,0.9572157,1,1
JN8AY3NY8S9011537,0.95716625,1,1
JN8BY3NYXS9003251,0.95714474,1,1
JN8AY3NY2S9005815,0.9571375,1,1
MNTAD3N89R6004608,0.9571341,1,1
JN8AT3MM9RW013323,0.957122,1,0
JN8AT3MMXSW026362,0.95709366,1,1
5N1DR3MR0RC279345,0.95705336,1,1
3N8AP6EF2SL350174,0.9570408,1,1
JN8AY3NY4S9004536,0.9569925,1,1
JN1EV7AP8RM500413,0.95697564,1,1
JN8AT3MMXRW016408,0.9569646,1,1
JN8FY1NY0RX105380,0.9569409,1,1
JN8AY3NY2S9004972,0.9569158,1,1
JN8AY3NYXS9010292,0.9569028,1,1
JN8AT3MMXSW026152,0.9568947,1,1
JN8BY2NY5M9348040,0.95688415,1,0
3N1CP5CP3RL480357,0.956883,1,1
VF1HSRMX5RA091684,0.95687073,1,1
JN8AY3NY6S9006532,0.95686316,1,1
MDHBD0FA1SG004873,0.95683914,1,0
JN8AT3MM2SW024489,0.95681506,1,1
MNTAD3N84R6004922,0.9568059,1,1
JN8AT3MM4SW026714,0.9567909,1,1
VF1HSRMX2RA091691,0.95678264,1,1
MDHBD0FA1SG007921,0.956767,1,1
MDHBD0FA8SG007902,0.9567669,1,0
MNTAD3N06R6008786,0.9567189,1,1
JN8AY3NY0S9008034,0.95671844,1,1
JN8AT3MM4SW025501,0.9566898,1,1
JN8AT3MM8RW015189,0.956684,1,1
5N1DR3MP2RC283380,0.95664376,1,1
JN8AT3MM2SW029949,0.95662594,1,1
JN8BY3NY1S9009309,0.9566171,1,1
JN8AT3MM5SW025345,0.956602,1,1
JN8AY3NY8T9111879,0.956559,1,1
VF1HGRND7SC402502,0.95654905,1,1
JN8AY3NY9S9003270,0.95654,1,0
3N1CP5CP3RL558426,0.9564995,1,1
MNTAD3N84R6005083,0.95644826,1,1
JN8AY3NY1S9004994,0.9564309,1,1
5N1DR3MR5RC250200,0.9564309,1,1
5N1DR3MR8RC245850,0.95633245,1,1
JN8AY3NY8S9011005,0.9563024,1,1
JN8AY3NY5T9102640,0.9562935,1,1
JN8AY3NY3S9008657,0.95629084,1,1
JN8AT3MTXSW039152,0.95628154,1,1
3N8AP6EF2SL372921,0.95627654,1,1
JN8BY3NY0S9010094,0.9562744,1,0
VF1HGRNBXSC404033,0.9562339,1,1
VF1HGRNB8SC404029,0.95620394,1,1
1N4BL4AP0SN377037,0.95620376,1,1
JN8AT3MM5SW026284,0.956188,1,1
3N1CP5CP4RL505783,0.95616263,1,1
JN8BY3NY6S9008706,0.9561217,1,1
JN8AT3MM4SW025367,0.9561161,1,1
5N1DR3MR0RC241081,0.95610356,1,0
MNTAD3N87P6003776,0.9560251,1,0
JN8AY3NY4S9004715,0.95598394,1,1
JN8AY3NY7S9008547,0.9559787,1,1
MNTAD3N0XR6008502,0.9559767,1,1
JN8AY3NY9S9006038,0.95596856,1,1
JN8AY3NYXS9005299,0.9559521,1,1
JN8AY3NY5S9012497,0.9559217,1,1
JN8AT3MM0SW026631,0.9559097,1,1
JN8AY3NY3S9005256,0.95590967,1,1
JN8AY3NY8S9012302,0.95589787,1,1
JN8AT3MM2RW014488,0.9558926,1,0
JN8AT3MM0RW013226,0.95586663,1,1
JN8AT3MM4SW026549,0.9558653,1,1
JN8AT3MM9RW016478,0.9558613,1,1
JN8AY3NY8S9004040,0.9558397,1,1
JN8AY3NY4S9009669,0.9558395,1,1
3PCAJ5M25RF113807,0.9558148,1,1
5N1DR3MR7RC266883,0.9557853,1,1
VF1HGRND4SC402103,0.95578414,1,1
1N4BL4AP9SN378848,0.9557725,1,1
5N1DR3MR8RC254967,0.9557641,1,1
1N4BL4AP8SN321346,0.9557388,1,0
5N1DR3MR7RC278547,0.95573854,1,1
5N1DL1M28PC367789,0.9557183,1,1
JN8FY1NY7RX103917,0.9556715,1,1
JN8BY3NY2S9013563,0.9556549,1,1
JN8AY3NY4T9105237,0.955651,1,1
VF1HGRND6SC402099,0.9556499,1,0
MNTAD3N86R6005215,0.9556374,1,1
MNTAD3N86R6005103,0.95561147,1,1
JN8FY1JY4RX100866,0.95555925,1,1
JN8AY3NY4S9008859,0.955559,1,1
JN8AT3MM1SW029487,0.9555341,1,1
3N8AP6EF5SL360830,0.95547956,1,1
JN8BY3NY2S9001848,0.9553309,1,1
JN8AT3MM6SW026391,0.955222,1,1
VF1FJRS57SG116700,0.955203,1,1
JN8BY3NY6S9004994,0.95497864,1,1
JN8AY3NYXS9006338,0.9549587,1,1
JN8AY3NY4S9010093,0.9549431,1,1
JN8AY3NY4S9011244,0.9549144,1,0
JN8FY1JY6RX100920,0.95488596,1,1
5N1DR3MR7RC283036,0.9548848,1,0
JN8AY3NY5S9004626,0.95484996,1,1
JN8AY3NYXS9005884,0.95484114,1,1
JN8AY3NY1T9109536,0.9548129,1,1
3N1CP5CP5RL474768,0.9548043,1,0
3N1CP5C90RL489812,0.9548003,1,0
MDHBD0FA6SG005694,0.954789,1,1
VF1HGRND8SC407353,0.9547837,1,1
JN8AY3NY0S9011211,0.9547491,1,0
JN8AY3NY7S9008659,0.95474094,1,1
JN8AY3NY2T9105625,0.954693,1,1
MNTAD3N83S6006201,0.9546823,1,0
JN8AT3MT9TW062441,0.9546272,1,0
JN8AY3NY4S9007355,0.9546233,1,1
JN1BZ4EH2RM520259,0.95461124,1,1
MNTAD3N05R6008259,0.9545201,1,1
JN8AY3NY3T9104936,0.9544751,1,1
MDHBD0FA0SG012480,0.95440704,1,0
JN8BY3NY6S9007765,0.9543066,1,0
1N4BL4AP8SN358817,0.95426273,1,0
JN8AT3MT5SW052049,0.95418906,1,1
VF1HGRNDXRC400009,0.95416963,1,1
MDHBD0FA8SG006362,0.9541339,1,0
JNRAZ3NY6S9001551,0.95411104,1,1
MNTAD3N88R6004857,0.9540892,1,1
VF1HGRND9RC400034,0.9540837,1,1
MNTAD3N6XN6002200,0.9540699,1,0
5N1AN0N63CC521411,0.954052,1,0
MNTAD3N86S6005821,0.9540509,1,0
5N1DR3MP5RC247313,0.95402527,1,1
JN8AY3NY2S9010755,0.95398396,1,1
JN8AT3MM6SW025032,0.9539679,1,0
5N1DR3MR9RC266531,0.9539449,1,1
3N8AP6EF9SL352195,0.9539185,1,1
5N1DR3MR3RC251832,0.95391506,1,0
JN8AY3NY1S9009306,0.9538583,1,1
JN8AY3NY7S9011187,0.95379555,1,1
JN8AT3MM8SW025114,0.9537688,1,1
MDHBD0FA7SG005770,0.95370024,1,1
JN8AT3MM5SW031436,0.9536625,1,1
JN8AY3NY5S9008515,0.95366204,1,0
JN8AY3NYXS9009174,0.9536612,1,1
3N1CP5CP1RL525067,0.9536465,1,1
MDHBD0FA0SG006288,0.95362,1,1
JN8AY3NY6S9001542,0.9535464,1,1
MDHBD0FA2SG004848,0.9535308,1,0
JN8AY3NY9S9008503,0.95346695,1,1
JN8AY3NY4T9107893,0.95346326,1,1
JNRAZ3NY2S9001367,0.95328903,1,1
JN8AT3MM4SW024414,0.95327866,1,1
5N1AN0N61CC526025,0.95320326,1,0
3N8AP6EFXSL401484,0.9531679,1,0
VF1HSRMX7SA091272,0.9531088,1,1
JN8AY3NY0T9106465,0.95302844,1,1
3N1CP5CP7RL583510,0.9530088,1,1
JN8AT3MM7SW027520,0.9529344,1,1
3N1CP5CP1RL543679,0.9528114,1,1
JN8AY3NY6S9005686,0.9527886,1,1
JN8AY3NY0S9006168,0.9527597,1,1
5N1DR3MP5RC263723,0.9527426,1,1
JN8AY3NY5T9103013,0.952727,1,1
JN8BY3NY0T9052413,0.9527147,1,1
1N4BL4AP5TN300066,0.95269585,1,0
MDHBD0FA0SG012883,0.95268536,1,0
5N1DR3MR2RC257752,0.9526806,1,1
JNRAZ3NYXS9001651,0.9526397,1,1
1N4BL4AP2SN376049,0.95262426,1,0
5N1DR3MR6RC281083,0.9526121,1,0
VF1HGRND0SC407671,0.9526038,1,1
MDHBD0FA1SG012729,0.9526015,1,0
MNTAD3N08R6008773,0.95258725,1,1
MDHBD0FA0SG014049,0.9525643,1,0
3N1CP5C94RL589587,0.95255727,1,1
JN8AT3MM1TW032746,0.9525513,1,0
JN1BZ4EH1RM520169,0.95254236,1,0
JN8AT3MM2SW030163,0.95252675,1,0
JNRAZ3NY4S9001208,0.9524875,1,1
JN8AY2NY3R9501047,0.9524794,1,0
3N8AP6EF1SL338470,0.95244384,1,0
1N4BL4AP7TN300084,0.95244044,1,0
MNTAD3N8XR6005220,0.9524304,1,1
3N8AP6EF1SL339795,0.95241237,1,0
3N1CP5CP1RL558537,0.9524068,1,0
JN8AT3MM2SW025268,0.95230865,1,1
3N1CP5CP2RL467843,0.95230067,1,0
JN8AY3NY2S9009072,0.9522959,1,1
JN8AT3MM9TW035880,0.95225626,1,0
JN8FY1JY9PX100682,0.9522358,1,0
3N8AP6EF6SL375370,0.9522198,1,0
JN8AT3MM9SW030077,0.95221496,1,0
VF1HGRND5SC401834,0.9521678,1,1
JN8AY3NY3S9005693,0.9521501,1,1
JN8AT3MM0TW032723,0.9521286,1,0
JN8AT3MT6SW052433,0.95202494,1,0
MNTAD3N8XR6005055,0.9520244,1,1
1N4BL4AP9SN322389,0.95201427,1,0
VF1HGRNBXSC403951,0.9519828,1,1
VF1LLRMA2SC511494,0.9519786,1,1
JN8AT3MMXTW032860,0.95197356,1,0
JN8AT3MM0TW035721,0.9519511,1,0
1N4BL4AP6SN388916,0.951939,1,0
JN1BZ4EH9RM520307,0.9519352,1,0
JN8AT3MM7SW029607,0.9519241,1,0
JN8FY1NY2RX105316,0.95186603,1,1
JN8AY3NY2T9111148,0.95186216,1,0
JN8AY3NY7S9006619,0.9518168,1,1
JN8AY3NY4T9106937,0.95179415,1,1
JN8AT3MM7SW030868,0.9517801,1,0
JN8AY3NY0T9105428,0.9517729,1,1
JN8AT3MM4SW025675,0.9517589,1,1
3N8AP6EF7SL403676,0.95173687,1,0
3N8AP6EF2SL342270,0.95173514,1,0
MDHBD0FA7SG007759,0.9516953,1,0
JN8AY3NY5T9112410,0.9516571,1,0
MNTAD3N87R6005336,0.95164585,1,1
MDHBD0FA9SG006953,0.9516397,1,0
3N1CP5C94RL511763,0.95163184,1,1
JN8AY2NYXR9499751,0.951626,1,1
5N1DL1M20RC351279,0.9515693,1,1
1N4BL4AP2SN375399,0.95155615,1,0
JN8AT3MM3SW026462,0.95154387,1,1
3N8AP6EF6SL362800,0.95153826,1,0
JN8AT3MM3TW032683,0.9515361,1,1
JN8AT3MM6SW030974,0.9515361,1,1
MNTAD3N05S6010082,0.9515294,1,0
3N8AP6EF8SL342239,0.95151937,1,1
3N1CP5CP9RL491024,0.95150816,1,0
1N4BL4AP0SN371173,0.9514885,1,0
1N4BL4AP6SN322611,0.9514791,1,0
JN8AY3NY1S9006227,0.9514724,1,1
JN8AY3NY3S9005662,0.9514503,1,1
JN8AT3MM3TW035356,0.95143294,1,1
JN1EV7AP6RM500135,0.95143193,1,0
MNTAD3N8XR6005394,0.9514189,1,0
MNTAD3N63P6004549,0.9514102,1,0
JN1BZ4EH6RM520278,0.95137197,1,0
5N1AN0N62CC523182,0.9513563,1,0
5N1DR3MR5SC236979,0.9513014,1,0
5N1DR3MR9RC291638,0.9512798,1,1
JN8BY3NY3T9059291,0.9512504,1,0
JN8AT3MMXSW028046,0.95124894,1,0
MNTAD3N03S6009934,0.95120734,1,1
MNTAD3N03S6011375,0.95120335,1,1
MDHBD0FA7SG014355,0.95120066,1,0
JN1BZ4EH7RM520192,0.95119256,1,0
JN8AT3MM8SW029745,0.9511834,1,0
MNTAD3N63S6009839,0.95117205,1,1
JN8AT3MT4TW062895,0.9511634,1,0
1N4BL4AP0SN359282,0.9511486,1,1
JN8AT3MM0SW031280,0.9511262,1,0
MDHBD0FA9SG006046,0.951123,1,1
MDHBD0FA7SG006885,0.9510785,1,0
JN8AT3MMXSW025521,0.9510777,1,1
JN8AY3NY8T9103281,0.9510308,1,1
JN8AY3NYXT9112810,0.9510171,1,0
JN8AT3MT0TW057063,0.951002,1,0
JN8AY3NY9T9106142,0.9509785,1,0
JN8BY3NY6S9006437,0.9509768,1,1
JN8AT3MM5SW029864,0.9509689,1,0
JN8AT3MM1SW028677,0.9509689,1,0
JN8AT3MM4SW031251,0.9509689,1,0
JN8AY3NY1S9003778,0.95095307,1,1
MDHBD0FA7SG004683,0.95095015,1,0
JN8BY3NY7S9012764,0.9509291,1,1
JN8BY3NY6T9051752,0.95086026,1,0
1N4BL4AP4TN302066,0.95082855,1,0
1N4BL4AP0TN301450,0.9508236,1,0
JN8AT3MM9SW027972,0.95081943,1,0
JN8AT3MM8TW035787,0.9507983,1,0
3N8AP6EFXSL375114,0.9507788,1,0
JN1BZ4EHXRM520025,0.9507553,1,0
1N4BL4AP8SN376363,0.9507515,1,0
1N4BL4AP6SN375387,0.95074254,1,1
3N8AP6EF5SL385288,0.9506903,1,0
JN8FY1NY2PX103465,0.950685,1,0
JN8AY3NY2S9003286,0.9506786,1,1
3N8AP6EF6SL384716,0.95067436,1,0
1N4BL4APXTN301505,0.95066166,1,1
JN8AY3NY7S9005504,0.95064604,1,1
JN8AT3MM2TW032822,0.95063645,1,0
1N4BL4AP3SN380286,0.9506319,1,1
1N4BL4AP1SN387611,0.9506319,1,1
5N1DR3MR9SC289927,0.9505844,1,1
5N1DR3MR7RC288429,0.95058095,1,0
JN8AT3MM4SW024560,0.9505752,1,1
JN8AT3MM1TW034495,0.95056903,1,0
3N8AP6EF2SL373762,0.9505605,1,0
1N4BL4AP7TN301784,0.9505297,1,1
MDHBD0FA0SG006520,0.95050645,1,1
JN8AT3MM9TW035300,0.9504961,1,0
1N4BL4AP1SN378746,0.9504759,1,1
JN1BZ4EH2RM520195,0.9504692,1,0
1N4BL4AP7TN300098,0.950467,1,1
MDHBD0FAXSG007383,0.95046335,1,0
JN8AT3MM1TW032729,0.9504471,1,0
JN8AT3MMXSW030329,0.9504408,1,0
3N8AP6EF5SL375991,0.9504391,1,0
JN8AT3MM4SW029662,0.95042986,1,0
3N8AP6EF8SL401998,0.95042825,1,0
1N4BL4AP5SN387692,0.9503841,1,1
3PCAJ5N38RF100654,0.95038366,1,1
1N4BL4AP3TN300017,0.95037514,1,1
MNTAD3N8XR6004844,0.95035845,1,1
JN8AT3MM0SW024295,0.9503545,1,1
1N4BL4AP7SN361711,0.9503372,1,1
JN8AT3MM2SW030910,0.9503335,1,0
JN8BY3NY0T9060852,0.9503267,1,0
1N4BL4AP8SN366772,0.9503011,1,1
1N4BL4AP2SN391697,0.9503011,1,1
3N8AP6EF5SL389986,0.9502987,1,0
5N1DR3MR4RC290753,0.95028496,1,0
JNRAZ3NY8S9000109,0.95028484,1,0
JN8BY3NYXS9008370,0.950234,1,0
JN8AY3NYXT9102939,0.95022595,1,1
3N8AP6EF3SL414058,0.9502014,1,0
1N4BL4AP2SN365004,0.95018506,1,0
5N1DR3MR2RC258495,0.9501731,1,0
MNTAD3N8XR6005301,0.95016664,1,1
JN8AY3NY0T9110483,0.9501367,1,0
JN8AY3NY9T9101992,0.95013124,1,0
MNTAD3N83R6005687,0.9501013,1,0
JN8AT3MM6SW029579,0.9500901,1,0
JN8AT3MM3SW027546,0.9500827,1,0
1N4BL4AP3TN300048,0.9500568,1,1
3N8AP6EF2SL339854,0.9500559,1,0
JN8BY3NY7T9055227,0.950036,1,0
MNTAD3N66S6009575,0.9500004,1,0
JN8BY3NY0T9051486,0.9499962,1,0
JN8AT3MM3SW029460,0.9499857,1,1
JN8AT3MM6TW036694,0.94993347,1,0
MDHBD0FA9SG004877,0.9499158,1,0
3N8AP6EF4SL339581,0.9499039,1,0
VF1PARM87TC241653,0.94987917,1,0
JN8AT3MM1TW035601,0.9498646,1,0
JN1BZ4EH4PM500236,0.9498428,1,0
JN8AY3NY7T9110500,0.94982433,1,0
MDHBD0FAXSG006900,0.94982356,1,0
JN8BY3NY2S9013840,0.9497995,1,1
3N8AP6EF9SL372754,0.94978625,1,0
3N8AP6EF4SL357675,0.9497641,1,1
MDHBD0FA5SG007016,0.9497316,1,0
JN8AT3MM5SW031212,0.9497255,1,0
MNTAD3N66S6010077,0.9497084,1,0
1N4BL4AP2TN301451,0.9497084,1,0
5N1DR3MR8RC280579,0.94969356,1,0
JN1BZ4EH4RM520196,0.94964665,1,0
JN8AT3MM5TW032748,0.9496359,1,0
3N8AP6EF0SL359780,0.9495898,1,1
JN8BY3NY1S9010086,0.94957745,1,1
JN8BY3NY5T9059096,0.9495536,1,0
JN8AT3MM3SW031192,0.9495206,1,0
MNTAD3N6XS6009692,0.94951993,1,0
JN8AT3MT7TW061367,0.94951844,1,0
VF1HSRMX5RA086890,0.9494848,1,0
1N4BL4AP9TN300037,0.9494827,1,0
JN8FY1NY9RX104213,0.9494412,1,0
3N8AP6EF3SL389484,0.9493727,1,0
JN8AY3NY3T9104239,0.9493623,1,0
3N8AP6EF5SL341744,0.94936156,1,0
JN8BY3NY4T9060546,0.9493557,1,0
JN8AT3MM4SW029774,0.94934523,1,0
JN8AY3NY0T9112346,0.9493134,1,0
3N1CP5CP3RL467673,0.9492744,1,0
JN8AT3MM4SW027619,0.94924444,1,0
VF1HSRMX5SA107839,0.94924414,1,0
JN8AT3MT6TW065331,0.94922477,1,0
JN8AY3NY5T9108096,0.9492238,1,0
JN8AY3NY0S9011046,0.94921684,1,1
JN8AY3NY6T9111024,0.9491709,1,0
5N1DR3MR0RC245227,0.94916123,1,1
JN8AY3NY6T9100430,0.94915766,1,1
JN8AT3MM2RW015785,0.94915175,1,1
3N8AP6EFXSL386775,0.9491366,1,1
5N1DR3MR7RC271243,0.94908893,1,0
JN8BY3NY2S9010811,0.94907886,1,1
3N1CP5CP3RL478267,0.9490754,1,1
JN8AT3MM0TW032768,0.9490706,1,0
VF1LLRMA6SC529609,0.9490683,1,0
5N1DL1M2XSC355877,0.9490562,1,0
JN8AT3MM4SW026356,0.9490533,1,0
5N1DL1M37SC336468,0.9490359,1,0
JN8AY3NY1T9108306,0.9490332,1,0
3N1CP5CP8RL470200,0.9490055,1,0
3N1CN8AD1RL805815,0.94900346,1,1
JN8BY3NY7T9054952,0.94895893,1,0
MNTAD3N65S6010166,0.94895893,1,0
JN8AT3MM4SW027717,0.94894594,1,1
MDHBD0FA4SG006567,0.9489455,1,0
JN8AY3NY5S9004481,0.9489383,1,1
JNRAZ3NY0S9001576,0.94893694,1,1
JN8AY3NY6S9004750,0.9489229,1,1
JN8AT3MM6SW025211,0.94892234,1,1
JN8AY3NYXT9112399,0.9488807,1,0
3N1CP5CP6RL469515,0.94886607,1,0
JN8AT3MM2TW035445,0.948828,1,0
JN8AY3NY7T9109041,0.9488103,1,0
MNTAD3N88R6005250,0.948777,1,0
JN8AT3MT3SW054401,0.94875884,1,1
JN8AT3MM2SW028882,0.9487284,1,1
MNTAD3N69S6010302,0.94868857,1,0
JN8AY3NY9T9106948,0.948686,1,0
JN8AT3MMXRW014870,0.9486679,1,1
3N8AP6EF6SL333670,0.9486666,1,0
MNTAD3N86R6005604,0.948646,1,1
JN8AT3MM3SW029605,0.9486415,1,0
JN8BY3NY9T9061241,0.94863343,1,0
VF1HGRNB5SC407082,0.94862765,1,1
MDHBD0FA7SG007602,0.9486273,1,0
5N1DR3MR2SC292801,0.9486271,1,0
1N4BL4AP0SN392749,0.9486199,1,1
JN8AY3NYXT9109115,0.9485984,1,0
JN8BY3NY7S9014921,0.94859517,1,1
JN8AY3NY2T9111425,0.9485787,1,0
MNTAD3N81S6006603,0.9485297,1,0
JN8AY3NY4T9102368,0.9485058,1,0
MNTAD3N60S6009717,0.9484966,1,0
JN8AY3NY3T9111711,0.94848883,1,0
JN8BY3NY7T9061142,0.9484861,1,0
JN8AT3MM0SW029707,0.94848454,1,0
JN8BY3NY6T9060998,0.9484829,1,0
MNTAD3N63S6010439,0.94847417,1,0
JN8AT3MT1TW057038,0.94845647,1,0
3N8AP6EF8SL373099,0.9484481,1,0
VF1PARN29TC243351,0.94841504,1,0
JN8AT3MM3TW032702,0.94840777,1,0
JN8AY3NY7T9113011,0.9483976,1,0
JN8AY3NY4S9010014,0.94833875,1,0
3PCAJ5N34RF113319,0.94833744,1,0
JN8AY3NY6T9111444,0.94832855,1,0
JN8AY3NY3T9112745,0.9482962,1,0
JN8BY3NY5T9055047,0.9482915,1,0
MDHBD0FA6SG007459,0.9482887,1,0
JN8AY3NY6T9108317,0.9482877,1,0
JN8AT3MM4SW030276,0.9482875,1,0
JN8AY3NY9T9111096,0.94827354,1,0
JN8AY3NY4T9111121,0.9482592,1,0
JN8AY3NY6T9111105,0.94824344,1,0
JN8BY3NY9T9061305,0.94823986,1,0
3N8AP6EF4SL359197,0.94822747,1,0
JN8AT3MM7SW029574,0.9482055,1,0
5N1DR3MR7RC291475,0.94819486,1,1
3N1CP5CP0RL506042,0.94817615,1,0
JN8AY3NY3T9105357,0.948165,1,0
JN8AY3NY2T9104443,0.9481624,1,0
JN8AT3MM4SW031248,0.9481458,1,0
JN8AT3MM8SW029812,0.9481441,1,1
JN8AY3NY9T9112054,0.94813734,1,0
MNTAD3N03S6011831,0.9481222,1,0
JN8AY3NY1T9107110,0.94808984,1,0
1N4BL4AP2RN421517,0.94808227,1,1
5N1DR3MR9RC290540,0.94805866,1,0
VF1PARN29TC241518,0.94804454,1,1
3PCAJ5N34SF107140,0.9480405,1,1
3N1CP5CP3RL542534,0.9480158,1,0
JN8BY3NY3T9061476,0.9479321,1,0
JN8AT3MM0SW029934,0.94791824,1,0
JN8AY3NY3T9107304,0.94791275,1,0
5N1DL1M29SC336463,0.9478714,1,0
MDHBD0FAXSG006959,0.9478669,1,0
JN8AY3NYXT9112693,0.94784665,1,1
JN8AT3MM7SW029848,0.9478438,1,0
3N1CP5C94RL469384,0.9478285,1,1
JN8AT3MM8TW034848,0.94782674,1,0
3N8AP6EF3SL340138,0.9477095,1,0
JN8AY3NY3T9111689,0.94764614,1,0
JN8AY3NY7T9100971,0.94761956,1,0
5N1DL1M22SC353038,0.94761294,1,0
JN8AY3NYXT9108515,0.94761145,1,0
JN8AY3NY8T9110201,0.9476084,1,0
1N4BL4AP3RN328473,0.9475956,1,1
JN8AY3NY4T9112821,0.94759333,1,0
JN8BY3NY3T9055158,0.94759166,1,0
JN8AY3NY9T9113074,0.9475675,1,0
MDHBD0FA8SG012744,0.9475535,1,0
MDHBD0FA5SG006934,0.947541,1,0
MNTAD3N84R6004919,0.9475269,1,1
JN8AY3NY3T9105861,0.94750214,1,0
MNTAD3N06R6009002,0.94749564,1,1
JN8AY3NY3T9103270,0.94749475,1,0
5N1DL1M21SC355766,0.94749135,1,0
JN8AT3MM1SW025469,0.9474853,1,1
MDHBD0FA6SG014363,0.9474833,1,0
3N8AP6EF7SL374888,0.9474811,1,0
JN8AY2NY3R9501792,0.947469,1,1
JN8BY3NY5T9059664,0.94745743,1,0
JN8AY3NY3T9107979,0.94745463,1,0
JN8BY3NY0T9062052,0.94743764,1,0
1N4BL4AP0SN361050,0.9474195,1,1
1N4BL4AP0SN362716,0.9474156,1,1
JN8AY3NY6T9111976,0.947414,1,0
5N1DR3MR9RC287802,0.9473973,1,1
JN8AY3NY7T9111565,0.9473972,1,0
MDHBD0FA6SG006165,0.9473923,1,0
JN8AY3NY4T9111183,0.94738454,1,0
JN8BY3NY2T9058018,0.9473844,1,0
JN8BY3NYXT9058042,0.94738275,1,0
1N4BL4APXSN356809,0.94734037,1,1
JN8AY3NY9T9105928,0.94733244,1,0
JN8AY3NY9T9112023,0.9473273,1,0
MNTAD3N84R6005164,0.9472829,1,0
JN8AY3NY0T9111021,0.94728196,1,0
JN8BY3NY9T9061854,0.94726986,1,0
MNTAD3N68S6009934,0.9472692,1,0
MNTAD3N04R6009399,0.94725853,1,1
JN8AY3NY0T9101265,0.9472541,1,0
JN1BZ4EH1PM500209,0.9472537,1,1
JN8AY3NY9T9105735,0.9472409,1,0
JN8BY3NY5T9063469,0.9472161,1,0
3N1CP5CP2RL490541,0.947213,1,0
3N1CP5CP7RL558168,0.9472121,1,1
JN8AY3NYXT9103332,0.9472017,1,0
JNRAZ3NY2S9001188,0.947197,1,0
JN8AY3NY7T9113509,0.9471954,1,0
5N1DR3MR4RC278876,0.9471922,1,1
MNTAD3N6XS6010390,0.9471643,1,0
JN8AY3NY3T9112566,0.9471577,1,0
JN8BY3NY4S9008087,0.94714475,1,1
JN8AY3NY6T9102355,0.94714385,1,0
JN8AY3NYXT9107073,0.94713575,1,0
JN8AT3MM9SW031889,0.9471301,1,1
JN8AT3MM2SW030437,0.9471273,1,0
MNTAD3N87R6005269,0.9471209,1,0
JN8AY3NY0T9113562,0.9471064,1,0
JN8FY1NYXRX104964,0.94710517,1,1
JN8AY3NY2T9113627,0.9470965,1,0
MDHBD0FA5SG006271,0.947089,1,0
JN8AY3NY7T9108911,0.947014,1,0
MNTAD3N05S6011846,0.9470085,1,0
MNTAD3N8XS6006597,0.9469939,1,0
MNTAD3N06S6011225,0.9469663,1,0
JN8AT3MM9SW031021,0.94695807,1,0
JN8BY3NY2T9062845,0.94695336,1,0
VF1PARM81TC241888,0.94694674,1,0
JN8AT3MM5SW030139,0.9469449,1,1
5N1DR3MR3SC296761,0.94693017,1,0
JN8AY3NY8T9111610,0.94692683,1,0
3N8AP6EF6SL424180,0.94692457,1,0
JN8AY3NYXT9100981,0.94691837,1,1
JN8AY3NY7T9112537,0.9468972,1,0
JN8AY3NY1T9112274,0.9468868,1,0
1N4BL4AP9SN386609,0.9468678,1,0
MNTAD3N87R6005661,0.94685745,1,0
JNRAZ3NY6S9001842,0.9468458,1,1
MDHBD0FA4SG006097,0.9468171,1,0
JN8AT3MM7SW024326,0.94679016,1,0
JN8AT3MMXSW027320,0.94678265,1,0
5N1DR3MR4RC289599,0.94677913,1,0
JN8AY3NY4T9112236,0.94674075,1,0
JN8AY3NY4T9110938,0.9467283,1,0
JN8BY3NY9T9055049,0.94672376,1,0
JN8BY3NY9S9011079,0.94672114,1,1
JN8AY3NY4T9110809,0.94671726,1,0
JN8AY3NY9T9112782,0.94669193,1,0
JN8AY3NY0T9103551,0.946627,1,0
JN8AY3NY6T9113727,0.9466255,1,0
JN8BY3NY0T9051424,0.9466113,1,0
JN8AT3MM8SW031026,0.94660455,1,0
JN8AT3MM0SW025303,0.946585,1,1
JN8BY3NY8T9059402,0.94658244,1,0
JN8AY3NY9T9107811,0.94655883,1,0
3N8AP6EF5SL371889,0.94654846,1,0
JN8AT3MM1TW032696,0.9465251,1,0
JN8AY3NY9T9111647,0.946519,1,0
3N8AP6EF0SL329775,0.94650745,1,0
5N1DR3MR7SC240290,0.9464829,1,0
JN8BY3NY2T9054275,0.9464799,1,0
JN8AT3MM0SW026693,0.9464737,1,1
JN8AY3NY2S9005460,0.9464701,1,0
JNRAZ3NY7S9001896,0.9464687,1,0
MNTAD3N89S6006574,0.9464643,1,0
MNTAD3N04S6010493,0.9464295,1,0
JN8AY3NY8T9108173,0.94641787,1,0
1N4BL4AP5SN364770,0.94637465,1,1
JN8AY3NY5T9108910,0.9463531,1,0
JN8AY3NY4T9109322,0.9463381,1,0
JN8AY3NY7T9112912,0.9463369,1,0
JN8BY3NY6T9063108,0.94633126,1,0
3N8AP6EF4SL359913,0.94633055,1,0
JN8AT3MM8RW017248,0.9463262,1,1
5N1DR3MR7SC280692,0.94630367,1,0
VF1PARN23TC241563,0.9462963,1,0
MNTAD3N8XS6006180,0.946243,1,0
JN8AY3NY1T9109746,0.94623286,1,0
JN8BY3NY8T9063403,0.94623125,1,0
JN8BY3NY2T9055992,0.9462265,1,0
JN8AY3NY4S9012409,0.94622403,1,0
JN8AY3NYXS9000328,0.94620585,1,1
VF1HSRMX3SA091270,0.94619006,1,0
JN8AY3NY6T9111492,0.9461874,1,0
3N8AP6EF7SL342314,0.9461873,1,0
MNTAD3N60S6009720,0.94618493,1,0
JN8AY3NY5T9106249,0.9461841,1,0
VF1HSRMX0RA090328,0.9461749,1,0
JN8AY3NYXT9113195,0.9461702,1,0
JN8BY3NY6T9062993,0.94614995,1,0
JN8AY3NY7S9008628,0.94614524,1,0
MNTAD3N83R6004930,0.9461268,1,1
1N4BL4AP4SN368759,0.94610417,1,0
JN8BY3NY2T9052834,0.9460811,1,1
JN8AY3NY3S9006097,0.9460809,1,1
JN8AY3NY1T9107513,0.9460414,1,0
JN8AY3NY8T9108979,0.9460391,1,0
MNTAD3N08S6011436,0.9460341,1,0
3N8AP6EF8SL361907,0.94602865,1,0
MNTAD3N85R6005707,0.94599277,1,0
MNTAD3N03R6008776,0.94598883,1,1
JN8AY3NY4T9111023,0.94597644,1,0
3N8AP6EF0SL339898,0.9459498,1,0
MNTAD3N62S6010089,0.9459484,1,0
MNTAD3N07S6011931,0.9459371,1,0
JN8AY3NY6T9107314,0.9459353,1,0
JN8AY3NY4T9113483,0.9459322,1,0
JN8BY3NY2T9062442,0.9459321,1,0
JN8AY3NYXT9107767,0.94591695,1,0
JN8AY3NY3T9107738,0.94590235,1,0
JN8AY3NY7T9110920,0.94587404,1,0
5N1DR3MR2RC269156,0.9458621,1,0
JN8BY3NY9T9063149,0.94582105,1,1
JN8AY3NY0T9105204,0.9458167,1,0
JN8AY3NY9T9112572,0.94581634,1,0
JN8BY3NY6T9063190,0.94579047,1,0
3N8AP6EF5SL338343,0.94579047,1,0
JN8BY3NY0T9051665,0.9457893,1,1
JN8AY3NY2T9103504,0.94578767,1,0
JN8BY3NY3T9053412,0.94577587,1,1
JN8BY3NY9T9063331,0.94575495,1,0
JN8AY3NY3S9010120,0.94574153,1,1
VF1PARM80TC244281,0.9457324,1,0
JN8BY3NY4T9062023,0.9457324,1,0
MDHBD0FA8SG007933,0.9457253,1,0
JN8AY3NY7T9112148,0.9457202,1,0
3N8AP6EF4SL411704,0.9457178,1,1
JN8BY3NYXT9056050,0.9457126,1,1
JN8BY3NY1T9056101,0.9457105,1,1
JN8BY3NY6T9062895,0.94569695,1,0
JN8AY3NY4T9101169,0.9456949,1,0
JN8AY3NY6T9113372,0.94567627,1,0
JN8BY3NY7T9061402,0.94566506,1,1
JN8AY3NY1T9112291,0.9456372,1,0
JN8BY3NYXT9055237,0.9456264,1,1
JN8BY3NY4T9056531,0.94562584,1,1
JN8BY3NY4T9062295,0.94562477,1,1
JN8BY3NY8T9063448,0.94562477,1,1
JN8BY3NY7T9063604,0.9456108,1,1
JN8AY3NYXT9104108,0.94560784,1,0
3N1CP5CP6RL489005,0.94557863,1,1
JN8AY3NY0T9113237,0.9455686,1,0
JN8BY3NYXS9008708,0.9455442,1,1
JN8AY3NY3T9106203,0.9455432,1,0
JN8AY3NY7T9106978,0.94554067,1,0
JN8AY3NY3T9112812,0.9455331,1,0
JN8AY3NY0S9011225,0.94553024,1,0
JN8BY3NY2T9055667,0.94551486,1,1
JN8BY3NY3T9054673,0.9455143,1,1
JN8BY3NYXT9063385,0.9455138,1,1
JN8BY3NY7T9063327,0.9455133,1,1
JN8BY3NY0T9054789,0.9454895,1,0
JN8AY3NY5T9106431,0.9454875,1,0
JN8AY3NY8T9107301,0.9454488,1,0
JN8BY3NY2T9054048,0.9454403,1,1
JN8BY3NYXS9011589,0.9454042,1,1
JN8BY3NY1T9061766,0.94540256,1,1
JN8BY3NY5T9057042,0.94540256,1,1
JN8BY3NY9T9058131,0.9454015,1,1
JN8BY3NYXT9050555,0.94538957,1,1
JN8BY3NY4T9053788,0.94538903,1,1
JN8AT3MV9TW009594,0.94537926,1,1
JN8AY3NY3T9111210,0.9453766,1,0
JN8BY3NY8T9054216,0.9453621,1,0
JN8BY3NY3T9062904,0.9453541,1,0
JN8AT3MM7SW025959,0.9453476,1,0
MNTAD3N60R6008108,0.94533193,1,1
JN8AT3MM3RW015472,0.9453215,1,0
JN8AT3MM6SW031400,0.9453203,1,0
MNTAD3N88S6006548,0.94531816,1,0
MNTAD3N61S6009077,0.9453104,1,1
JN8AT3MM5SW030383,0.94530326,1,0
JN8BY3NY8T9057794,0.94529825,1,0
JN8BY3NY1T9055417,0.94529164,1,1
JN8BY3NY0T9063430,0.94527525,1,0
JN8AY3NY6T9113274,0.9452695,1,0
JN8AY3NY6T9113632,0.94526535,1,0
JN8AY3NY3T9109019,0.94525874,1,0
JN8AY3NY6T9100475,0.94524586,1,0
JN8BY3NYXT9062933,0.94522506,1,0
JN8BY3NY2T9063137,0.9451975,1,0
VF1HGRNDXSC407676,0.94519526,1,0
JN8AY3NY6T9100279,0.9451701,1,0
JN8BY3NY4T9063513,0.9451534,1,0
JN8BY3NYXT9063824,0.94514626,1,0
5N1DL1M20SC349523,0.94513416,1,0
JN8BY3NY3T9063471,0.94512784,1,0
1N4BL4AP2SN386869,0.94512415,1,0
JN8BY3NY3T9063924,0.94512093,1,0
JN8AY3NY0T9111357,0.9451094,1,0
JN8BY3NY4T9062068,0.9450699,1,0
JN8AY3NY3T9110252,0.9450582,1,0
JN8AY3NY5T9111015,0.94504863,1,0
VF1HSRMX2SA105417,0.9450444,1,1
JN8AT3MMXSW030184,0.9449921,1,0
JN8BY3NY6T9063450,0.9449904,1,0
MDHBD0FA9SG006970,0.9449838,1,0
JN8AY3NY2T9106841,0.9449809,1,0
1N4BL4AP9SN369504,0.9449527,1,1
JN8AY3NY1T9112100,0.9449519,1,0
JN8BY3NYXT9061927,0.94494486,1,0
JN8BY3NY6T9061469,0.94491166,1,0
JN8AY3NY6T9108821,0.94490075,1,0
JN8AY3NY1T9109147,0.9448667,1,0
JN8AT3MM9SW027292,0.944859,1,1
5N1DR3MR9RC273673,0.94481903,1,0
JN8AY3NYXT9113326,0.9448149,1,0
JN8AY3NY7T9113395,0.9447952,1,0
JN8BY3NY8T9063871,0.9447835,1,0
JN8AY3NY3T9113040,0.9447683,1,0
JN8AY3NY9T9108828,0.9447572,1,0
JN8AY3NY5T9106087,0.9447525,1,1
JN8AY3NY5T9109586,0.94474924,1,0
JNRAZ3NYXS9001469,0.94474435,1,0
JN8BY3NY9T9063815,0.9447403,1,0
JN8AY3NY0T9111942,0.94471496,1,0
JN8AY3NY6T9110942,0.944712,1,0
JN8BY3NY2T9063476,0.9446988,1,0
VF1PARM83TC241908,0.9446713,1,0
JN8AY3NY7T9102364,0.94466394,1,0
JN8AY3NY6T9107345,0.94462836,1,0
JN8AY3NY8T9106522,0.94460773,1,0
JN8AY3NY6T9110827,0.9445853,1,0
MNTAD3N69S6010266,0.94457936,1,0
JN8AY3NY5T9111239,0.94456893,1,0
JN8AY3NY1T9107754,0.94456434,1,0
JN8AY3NYXS9003035,0.94454795,1,1
JN8AY3NY6T9101643,0.9445319,1,0
JN8AY3NY4T9104041,0.9445317,1,0
JN8AY3NY7T9105913,0.9445215,1,0
JN8AY3NY6T9111900,0.9445086,1,0
3N1CP5CP0RL556407,0.9444919,1,0
VF1PARM81TC244323,0.94448704,1,0
JN8AY3NY1T9105499,0.9444811,1,0
JN8AY3NY5T9105778,0.9444799,1,0
JN8AY3NY8T9113230,0.9444659,1,0
JN8BY3NY8T9059058,0.9444398,1,0
VF1PARM81TC241857,0.94443065,1,0
JN8AY3NY3T9111059,0.944424,1,0
JN8AY3NY7T9103272,0.9444164,1,1
JN8AY3NY8T9111431,0.94441324,1,0
JN8AY3NY4T9113399,0.94440556,1,0
VF1PARM81TC240157,0.94440174,1,0
JN8AY3NY2T9111277,0.9444008,1,0
VF1PARM88TC240060,0.9443976,1,1
VF1PARM84TC243411,0.94439334,1,0
JN8AY3NY8S9005608,0.9443553,1,1
JN8AY3NY2T9108136,0.94434136,1,0
JN8BY3NYXS9012497,0.9443328,1,1
JN8AY3NY5T9107269,0.9443148,1,0
3PCAJ5N37SF108105,0.94430894,1,0
JN8AY3NY7T9110870,0.94430745,1,0
JN8AY3NY6T9111993,0.94430685,1,1
JN8AY3NY8T9108545,0.9443001,1,1
JN8AY3NY4T9100068,0.9442724,1,1
JN8AY3NY6T9113436,0.94426644,1,0
VF1PARM89TC240164,0.944248,1,0
JN8AT3MM7SW026254,0.9442168,1,1
3N8AP6EF3SL346473,0.94418097,1,0
JN8AY3NY4T9110759,0.944164,1,0
3N8AP6EF3SL387010,0.9441598,1,0
JN8BY3NY3T9063020,0.94415206,1,0
MNTAD3N60S6009703,0.94414604,1,0
JNRAZ3NY8S9002412,0.94414103,1,0
JN8AY3NY0T9106255,0.9441371,1,1
JN8AY3NY6T9109127,0.94412297,1,1
JN8AY3NY6T9112934,0.94411576,1,0
JN8AY3NY9T9111566,0.94411373,1,0
VF1PARM8XTC243428,0.94411147,1,0
JN8AY3NY2T9105169,0.9441066,1,1
VF1HGRNB4RC396294,0.9441019,1,0
VF1LLRMA1SC512149,0.944088,1,0
JN8AY3NY9T9108330,0.94407004,1,0
JN8AY3NY5T9109944,0.9440255,1,1
JN8AY3NY5T9111578,0.944022,1,1
JN8AY3NY1T9112033,0.944022,1,1
MNTAD3N83S6006585,0.94392484,1,0
JN8AY3NY8T9110053,0.94392407,1,1
JN8AY3NY6T9104218,0.94392407,1,1
JN8AY3NY1T9108385,0.94392407,1,1
JN8AY3NY7T9112070,0.9439107,1,0
JN8AY3NYXT9111592,0.94390494,1,0
JN8AY3NY2T9107004,0.9438943,1,1
3N8AP6EF9SL357171,0.9438749,1,1
3N1CP5CPXRL493168,0.94386184,1,0
JN8AY3NY7T9113767,0.9438388,1,0
JN8AY3NY1T9111321,0.94383764,1,0
JN8BY3NY9T9050045,0.9438332,1,1
MDHBD0FA4SG004916,0.9438261,1,0
JN8AY3NY8S9011926,0.94382447,1,1
JN8AY3NY6T9108849,0.9438139,1,0
VF1PARN26TC241573,0.9438015,1,0
JN8AY3NY1T9102165,0.94379646,1,1
JN8AY3NY7T9100968,0.9437788,1,0
JN8AY3NY1T9107785,0.94377506,1,0
JN8AY3NY0T9110354,0.9437741,1,1
JN8AY3NY9T9105539,0.9437741,1,1
JN8AY3NY9T9108022,0.94377315,1,1
JN8AY3NYXT9108112,0.94377315,1,1
JN8AY3NY6T9110830,0.9437731,1,1
JN8AY3NYXT9112144,0.943773,1,1
JN8AY3NY5T9109121,0.9437726,1,1
JN8AY3NY3T9108856,0.9437726,1,1
JN8AY3NY6T9112982,0.94377255,1,1
JN8AY3NY4T9105903,0.94377255,1,1
JN8AY3NY4T9110535,0.94377255,1,1
JN8AY3NY0S9011855,0.94377255,1,1
JN8AY3NY0T9110726,0.94377255,1,1
JN8AY3NY2T9107150,0.94377255,1,1
JN8AY3NY4T9112785,0.94377255,1,1
JN8AY3NY6T9108608,0.94377214,1,1
JN8AY3NYXT9112077,0.943772,1,1
JN8AY3NYXT9103153,0.9437716,1,1
JN8AY3NY3T9111966,0.94377136,1,1
JN8AY3NYXT9109566,0.94377136,1,1
JN8AY3NY3T9111868,0.94377136,1,1
JN8AY3NY1T9107298,0.94377136,1,1
JN8AY3NY5T9110348,0.94377136,1,1
JN8AY3NY7T9105653,0.9437708,1,1
JN8AY3NY8T9111851,0.94376945,1,1
JN8AY3NY3T9111255,0.9437684,1,1
JN8AY3NY2T9107231,0.9437684,1,1
JN8AY3NY1T9110931,0.9437678,1,1
JN8BY3NY8T9053521,0.94375026,1,0
JN8AY3NY5T9113623,0.9437302,1,0
JN8AY3NY1T9107527,0.9437257,1,0
VF1PARM86TC244205,0.943703,1,0
JNRAZ3NY8S9002409,0.9436927,1,0
JN8AY3NY0S9010964,0.94365895,1,1
JN8AY3NY4T9111586,0.9436584,1,1
JN8AY3NY8T9110473,0.9436581,1,1
JN8AY3NY7T9109086,0.9436576,1,1
JN8AY3NY4T9105934,0.94365734,1,1
JN8AY3NYXS9009515,0.94365734,1,1
JN8AY3NY2T9111344,0.94365734,1,1
JN8AY3NY9T9101328,0.9436569,1,1
JN8AY3NYXT9102763,0.9436569,1,1
JN8AY3NY5T9111967,0.9436568,1,1
JN8AY3NY6T9109595,0.9436568,1,1
JN8AY3NY2T9107374,0.9436568,1,1
JN8AY3NY4T9112642,0.94365627,1,1
VF1PARM89TC241878,0.9436557,1,0
3N1CP5CP0RL469591,0.9436534,1,0
JN8AY3NY4T9113547,0.9436436,1,0
JN8AY3NY4T9101141,0.9436116,1,1
JN8AY3NY1T9111013,0.9435545,1,1
JN8AY3NY9T9111177,0.94355214,1,1
JN8AY3NY4T9102709,0.9435442,1,1
JN8AY3NY9T9102902,0.9435203,1,1
JN8AY3NY2T9113045,0.9435185,1,0
MNTAD3N08S6011176,0.94350857,1,1
JN8AY3NY5T9109832,0.94348073,1,1
MDHBD0FA9SG013675,0.9434456,1,0
JN8AY3NY5T9109667,0.94339085,1,1
JN8AY3NYXT9112788,0.94339085,1,1
JN8AY3NY0T9110015,0.94339085,1,1
JN8BY3NY9S9011020,0.94338036,1,1
JNRAZ3NY2T9010006,0.94336784,1,0
JN8AY3NY8T9105189,0.94336075,1,1
JN8AY3NY5S9011771,0.9433265,1,1
JN8AY3NY8T9113440,0.9433265,1,1
JN8AY3NYXT9108319,0.94332236,1,1
JN8AY3NY9T9113303,0.9432921,1,1
VF1PARM8XTC244272,0.9432902,1,0
JN8AY3NY2T9107097,0.9432801,1,1
VF1PARM81TC244337,0.94325835,1,0
JN8AY3NY2T9112056,0.94325787,1,1
3N8AP6EF1SL340672,0.94325656,1,0
JN8AY3NY7T9111405,0.9432458,1,1
JN8AY3NY8T9111462,0.9432235,1,1
JN8AY3NY6T9111346,0.9432235,1,1
JN8AY3NY3T9109330,0.94322276,1,0
VF1PARM87TC243399,0.9432064,1,0
JNRAZ3NY4S9002374,0.9431922,1,0
JNRAZ3NY8S9001731,0.9431497,1,0
JN8AT3MT5SW052620,0.9431274,1,0
JN8AT3MM8SW025890,0.9428692,1,0
VF1HGRND8SC403187,0.9426953,1,0
JN8AY3NY7T9101568,0.94269246,1,1
JN8FY1NY9RX105670,0.9426737,1,0
JN8AT3MM1SW031546,0.94264,1,0
VF1PARM83TC243335,0.94263047,1,0
MNTAD3N88R6005264,0.942623,1,0
JN8BY3NY5T9061477,0.94261116,1,0
3N1CP5CP5RL494342,0.94260705,1,0
MNTAD3N84R6004872,0.9425457,1,0
JN8AY3NY9S9006430,0.94253004,1,1
JN8BY3NY4T9057307,0.9425252,1,1
5N1DL1M25RC349818,0.9424717,1,0
VF1PARM83TC244274,0.9424641,1,1
VF1PARN28TC241574,0.9424375,1,0
VF1HGRND5SC403647,0.94240606,1,0
MNTAD3N61S6010312,0.94233304,1,0
JN8AY3NY9T9112832,0.94231373,1,1
JN8AY3NY1T9107558,0.9422966,1,1
JN8BY3NY4S9010017,0.9421787,1,1
JN8AT3MM2SW030017,0.94217604,1,0
JNRAZ3NY9S9001446,0.9420948,1,0
5N1DR3MR8RC248988,0.94205934,1,0
JN8AY3NY8T9108707,0.9420143,1,1
JN8AY3NY9T9106528,0.94198436,1,1
JN8AT3MM3SW029703,0.94196635,1,0
JN8BY3NY9S9005895,0.9419172,1,1
JN8AY3NY5T9107966,0.9417979,1,1
JN8BY3NY6S9009483,0.9417572,1,1
JN8BY3NY3T9061137,0.9417475,1,0
VF1PARM83TC244324,0.94173825,1,0
JNRAZ3NY4S9001287,0.9417334,1,0
3PCAJ5N34RF113997,0.9417298,1,0
JN8AY3NY0T9105820,0.9417218,1,1
JN8AY3NY9S9011692,0.94161344,1,1
JN8AY3NY5S9011835,0.9415514,1,1
JN8BY3NY3S9014110,0.9415482,1,0
VF1PARM80TC244443,0.9415424,1,0
JN8BY3NY9S9011597,0.94147784,1,1
JNRAZ3NYXS9002122,0.9414772,1,1
JN8AY3NY2T9107987,0.94136584,1,1
1N4BL4AP9SN342805,0.94134724,1,0
JN8AY3NY3T9110705,0.9413408,1,0
JN8AY3NY3T9101549,0.94131863,1,1
JN8AY3NY1T9106684,0.94129,1,0
JN8AY3NY0T9103310,0.94125104,1,0
JN8BY3NY7S9000839,0.94124794,1,1
JN8AY3NY2T9109318,0.9411925,1,1
JN8FY1JY9RX100829,0.9411843,1,1
JN8BY3NY0T9056624,0.94111013,1,0
JN8AY3NY5S9005100,0.9410448,1,0
JN8AY3NY2T9113501,0.9409041,1,0
JN8AY3NY1T9106393,0.9408912,1,0
JN8AY3NY8T9109145,0.94087857,1,1
JN8AY3NY8T9105600,0.94085443,1,0
JN8AY3NY5S9008532,0.9408331,1,1
JN8AY3NY2T9104071,0.9408127,1,0
JN8AY3NY7T9110822,0.9407946,1,1
JN8AY3NYXS9009028,0.9407835,1,0
JN8AY3NY3S9010862,0.9407742,1,0
JN8AY3NY6S9009673,0.94074833,1,1
JN8AY3NYXS9010907,0.94073415,1,1
JN8AY3NY6T9104753,0.94070214,1,0
JN8AY2NY3R9499509,0.9406897,1,1
JN8AY3NY0T9102299,0.94064784,1,1
JN8AY3NYXT9107638,0.94064444,1,1
VF1PARN27TC242165,0.9406337,1,0
3PCAJ5M38SF103724,0.9405899,1,0
VF1PARN2XTC241561,0.9405829,1,0
JN8AY3NY8S9010629,0.9405662,1,0
MNTAD3N0XS6010093,0.9405119,1,0
JN8AY3NY6T9110701,0.94041586,1,1
MNTAD3N85S6006183,0.9404008,1,0
JN8AY3NY7T9108259,0.9403366,1,0
JN8AY3NY2T9100036,0.94023126,1,1
JN8AY3NYXT9109423,0.94018596,1,1
MNTAD3N84R6005343,0.9401657,1,0
JN8AY3NY8T9104754,0.94011873,1,1
JN8AY3NY8T9102809,0.9401098,1,0
JN8AY3NY1T9106815,0.9400883,1,0
5N1DR3MR5RC257230,0.9400479,1,0
JN8AY3NY9S9005505,0.9399917,1,0
JN8AY3NYXT9101886,0.9399323,1,0
JNRAZ3NY0S9001691,0.9399242,1,1
JN8AY3NY2T9108444,0.93986565,1,0
JN8AY3NY9T9108344,0.9397474,1,0
JN8AY3NY0T9101475,0.93973625,1,0
JN8BY3NY4T9055122,0.9396919,1,0
JN8AT3MM6SW027640,0.93967706,1,0
MNTAD3N88R6005717,0.93951255,1,0
JN8AY3NY7T9104597,0.93943113,1,0
MNTAD3N81R6005428,0.9393636,1,0
JN8AY3NYXS9008798,0.939231,1,1
JN8AY3NYXT9102908,0.9392244,1,0
JN8AY3NY3T9101759,0.93909806,1,0
5N1DR3MR2RC250249,0.9390721,1,0
JN8AY3NY9S9009845,0.9389445,1,1
MNTAD3N08S6011193,0.93890506,1,0
JN8AY3NY7T9104695,0.93874043,1,0
JN8AT3MTXSW052399,0.9386707,1,0
JNRAZ3NY3S9002401,0.9386272,1,0
JNRAZ3NY3S9002124,0.93853563,1,0
JN8AY3NY5S9012502,0.9384357,1,1
JN8AY3NY7T9102235,0.93828464,1,0
JN8AY3NY2S9009041,0.93817663,1,0
JN8AY3NY7S9010475,0.9381736,1,0
JN8AY3NY1T9110251,0.9381347,1,0
JN8BY3NY6T9059317,0.9380114,1,0
JN8AY3NY9T9107646,0.9379168,1,0
JN8BY3NY7T9055180,0.937836,1,0
JN8AY3NY4T9100183,0.9376799,1,0
JN8BY3NY8T9055740,0.93748236,1,0
JN8AY3NY8T9104494,0.9374726,1,0
JN8AY3NYXT9105971,0.9373817,1,1
JN8AY3NY5T9107692,0.9373525,1,0
JN8AY3NY4T9103066,0.93709654,1,0
5N1DR3MR8RC281554,0.9369996,1,0
JN8AT3MM7RW018102,0.93692124,1,0
1N4BL4AP8SN376718,0.936792,1,0
JN8AY3NY8T9101790,0.9367049,1,0
3N1CP5C9XRL544279,0.93668795,1,1
JN8AY3NY3T9106542,0.9366763,1,0
JN8AY3NY3T9108775,0.9366676,1,0
VF1PARM86TC240140,0.9362942,1,0
JN8BY3NY8T9058170,0.93628085,1,0
JN8AY3NY2T9113191,0.93581957,1,1
1N4BL4AP6SN357276,0.9355511,1,0
MDHBD0FA7SG005946,0.9353504,1,0
JN8BY3NY6S9013243,0.93491846,1,0
JN8BY3NY2T9052560,0.93473625,1,0
JNRAZ3NY7S9002420,0.93469614,1,0
JN8AY3NY9T9111311,0.93439376,1,1
JN8AY3NY5T9103044,0.93426067,1,0
JN8AY3NY7T9101649,0.93425226,1,0
3N8AP6EF5SL373397,0.93389934,1,0
JN8AY3NY1T9110945,0.9338668,1,1
JN8AY3NY4T9108543,0.9338598,1,1
JN8AY3NY0S9010575,0.93379843,1,1
MNTAD3N89R6005337,0.93331397,1,1
JN8AY3NY9T9105136,0.932905,1,0
JN8AT3MM4SW026180,0.93289024,1,0
JN8BY3NY4S9009353,0.9325098,1,1
JN8AY3NY9S9010090,0.93227786,1,1
JN8AY3NYXS9005125,0.93222135,1,1
JN8AY3NY6S9010127,0.9321558,1,0
JN8BY3NY9S9014399,0.93204904,1,1
JN8AY3NY5T9104985,0.9319474,1,0
JN8AY3NY4T9104072,0.93169963,1,0
5N1DL1M29SC350279,0.9315195,1,0
JN8AY3NY9T9104097,0.93127275,1,1
JN8BY3NY2T9055572,0.9310583,1,0
JN8AY3NY4S9006402,0.9304932,1,1
JN8BY3NY5S9010298,0.93046427,1,0
JN8FY1NY5RX105441,0.93015474,1,0
JN8AY3NY2T9106998,0.9297424,1,1
3N1CP5CP4RL544213,0.9297194,1,0
5N1DR3MRXRC250208,0.9293681,1,0
MNTAD3N89R6004866,0.92911494,1,0
3PCAJ5M37RF113252,0.92904806,1,0
JN8AY3NYXT9105467,0.9287048,1,0
MNTAD3N85R6005576,0.9283718,1,0
JN8AY2NY8R9502484,0.92804015,1,0
JN8AY2NY0P9477920,0.92793477,1,0
JN8AY2NY2R9500987,0.9264242,1,1
1N4AL3AP7FC239003,0.9262604,1,0
JN8BY3NY9T9054869,0.92322886,1,1
JN8AY3NYXS9012320,0.92233956,1,0
JN8FY1NY0RX103676,0.9220413,1,0
JN8AY3NY8S9009447,0.92168784,1,0
JN8BY2NY6N9379010,0.9215518,1,0
JN8AY3NY6S9008507,0.92141485,1,1
JN8AY2NY1R9501421,0.9204784,1,1
JNRAZ3NY9S9001477,0.92044175,1,0
JN8AY3NY2S9008620,0.92004573,1,0
JN8BY3NY9S9009493,0.9195008,1,0
JN8AY2NY2R9501394,0.9191862,1,0
3N1CP5CPXRL544779,0.9186096,1,0
JN8BY3NY5T9050608,0.9173955,1,0
JN8AY3NY2S9005717,0.9165431,1,0
JN8AY3NY9T9106965,0.9133415,1,1
JN8AY3NY4T9106971,0.9126786,1,1
JN8BY3NY5S9011970,0.91063267,1,0
5N1DR3MR6RC268866,0.91022575,1,0
3N1CN8AD8RL845924,0.9085568,1,0
MNTAD3N8XR6004990,0.9079071,1,0
JN8AT3MM4PW007913,0.9079036,1,0
3N1CP5C90RL523103,0.9073204,1,0
JN8BY3NY1S9009665,0.9073032,1,0
JN8AY3NYXS9009658,0.9054304,1,0
VF1HGRND2SC402200,0.9042717,1,0
JN8AY3NY8T9100915,0.9042322,1,0
JN8AY2NY5R9503107,0.9039301,1,0
1N4AL4AP6LC138942,0.9029043,1,0
JN8AT3MM7RW013840,0.9016945,1,0
JN6DY1AYXPX643121,0.89955735,1,0
5N1DR3MR5RC281012,0.8968453,1,0
5N1DR3MRXRC256767,0.89664847,1,0
JN8AY3NY8S9005592,0.89470357,1,1
JN8BY2NY8R9447815,0.89229006,1,0
JN8AY2NY9R9502106,0.89159197,1,0
JN8AY2NY3R9501663,0.89023834,1,0
JN8FY1NY4RX106189,0.88922197,1,0
JN8AT3MM9RW016870,0.88693994,1,0
JN8FY1NY1RX105324,0.88276947,1,1
JNRAZ3NY4S9001242,0.88276094,1,0
JN8AY3NY4S9009672,0.88164604,1,0
JN8AT3MM9SW025199,0.8783205,1,0
5N1DR3MR0RC290071,0.8708515,1,0
MNTAD3N67P6006269,0.865667,0,0
VF1HGRNDXSC407418,0.85907036,0,0
JN8AY3NY5S9002360,0.8551265,0,0
JN8AT3MM3SW027756,0.85395426,0,0
VF1HSRSC2NA030190,0.85331994,0,0
JN8AT3MM5SW031288,0.8476823,0,0
5N1DR3MR1RC269634,0.8443411,0,0
JN8FY1NY5RX105794,0.8423506,0,0
JN8BY3NY6S9000699,0.8413971,0,0
JN8FY1NY5RX105875,0.8263287,0,0
JN8AY3NYXS9001706,0.8239173,0,0
MNTAD3N00R6007875,0.81762457,0,0
1N4BL4AP8SN368781,0.8154709,0,0
JN8FY1NYXPX102774,0.8098971,0,0
JN8BY2NY7R9455565,0.80940956,0,0
3N8AP6EF1SL338274,0.8028239,0,0
JN8AY3NY1S9009984,0.80056095,0,0
5N1DR3MRXRC250886,0.80006206,0,1
MNTAD3N06P6006467,0.79754454,0,0
MNTAD3N62P6005742,0.7735179,0,0
JN8AT3MM6RW017233,0.7696669,0,0
JN8BY2NY3R9457409,0.7331319,0,0
JN8AT3MMXRW014948,0.7292593,0,0
JN8AY3NY1S9002873,0.7241459,0,0
MNTAD3N08P6003716,0.7212151,0,0
JN8AT3MM8RW016598,0.7208003,0,0
3N1CP5CP1RL481278,0.67322284,0,0
1N4BL4A96RN435499,0.6594676,0,0
JN8BY3NY6S9005319,0.6545038,0,0
3PCAJ5N39RF100436,0.65153354,0,0
JN8BY3NY3S9005729,0.6485998,0,0
JN8BY3NY5S9005134,0.64550185,0,0
JN8AY3NYXS9004556,0.64498097,0,0
JN8BY3NY4S9002015,0.6423971,0,0
JN8AY3NY5S9001032,0.6214705,0,0
JN8AY3NY6S9003839,0.6115719,0,0
JN8AY3NY5S9003511,0.60433096,0,0
JN8BY3NY8S9003538,0.5850486,0,0
3N1CN8AD2NL816803,0.5800649,0,0
JN8BY3NY7S9005247,0.5724693,0,0
5N1DR3MR7RC277785,0.5713691,0,0
JN8BY3NY0S9005459,0.53294367,0,0
JN8FY1NY1RX104075,0.5293336,0,0
MNTAD3N66P6005761,0.5172405,0,0
3N1CP5C95PL520372,0.5011961,0,0
JN8AT3MM0PW002448,0.45249054,0,0
5N1DL1M28RC348646,0.41681853,0,0
JN8AY2NY5R9501177,0.38486704,0,0
JNRAZ3NY6S9000190,0.38463056,0,0
3N1CP5CP3RL475904,0.36066395,0,0
JNRAZ3NY6S9000996,0.29882702,0,0
JN8FY1JY2NX100343,0.26799187,0,0
JN8FY1NY5RX103723,0.23120373,0,0
JN8FY1NY6RX104511,0.22960415,0,0
JN8AY2NY0R9498804,0.22127974,0,0
JN8FY1NY7RX103982,0.21502437,0,0
1N4AA6AP7PC505175,0.20470257,0,0
JN8FY1NY1RX105341,0.19176178,0,0
JN1EV7AP3RM500271,0.14690636,0,0
JN8BY2NY7R9454982,0.12735441,0,0
3N1CP5C96RL468236,0.12681147,0,0
MNTAD3N86P6004174,0.0656735,0,0
