VIN,Last Service Date - PMS,Vehicle Key,Customer ID,Next80K_Due,Vehicle_Key_Actual_Service,Vehicle Age,Current Age,Purchase Age,Last Service Mileage,Vehicle Lifetime in Months,Total Promoter,Total Passive,Total Detractor,Total Survey,Tyre Revenue,Battery Revenue,Brake Revenue,CC,Weight,Height,Wheel Base,Service Frequency,Last PMS Mileage,wearablesBought,PMSRevenue,PMS_Delay,Service_Num,nNPMS,Months_Since_Last_NPMS,Last_NonPMS_Revenue,Days_Since_Last_NonPMS,Last_PMS_Revenue,Max_PMS_Revenue,Min_PMS_Revenue,StdDev_PMS_Revenue,Avg_Mileage_Interval_NPMS,npmsRevenue,22 NM - Mussafah Complex,21 NM - Alain,23 NM - Bodyshop M40,otherbranch_services,Bodyshop_Services,freq_NPMS,unique_branch_serviced,LastNonPMSMileage,no_of_late_appointments,Avg_appointment_delay_days,last_appointment_delay_days,total_appointments_showed_up,no_of_appointments_booked_but_not_showed_up,appointment_booked_showed_up_atleastonce,no_of_service_appointments_booked,Franchise_NISSAN,Franchise_RENAULT,AMA or Non AMA_AMA Vehicle,New / Used_NEW,PMS Status_Non PMS,Gender_Female,Gender_Male,Vehicle Service Status_InActive,Vehicle Service Status_No Services,First Service Status_Done,First Service Status_Not Done,Warranty Status_No,Warranty Status_Yes,Service Contract Status_Expired,Service Contract Status_No SC Purchased,Contract_PurchaseStatus_Final_No SC Purchased,Contract_PurchaseStatus_Final_Sold from Sales,Number of Cylinders_4,Number of Cylinders_6,Number of Cylinders_8,RFM_segments_At Risk,RFM_segments_Unknown,Nationality_Cluster_3,Model_Cluster_2,Model_Cluster_3,Variant_Cluster_1,Variant_Cluster_4,last_appointment_status_IN_DUE_TIME,last_appointment_status_LATE_SHOW,last_appointment_status_NO_SHOW,last_appointment_status_No Appointment,LowMileageFreqUsers,Avg_Service_Interval_PMS,Avg_Service_Interval_PMS1old,Avg_Service_Interval_PMSper10k,Avg_Service_Interval_PMSold,Months_Since_Last_PMS,predicted_interval_months,Avg_Mileage_Interval_PMS
VF18SRB41NG032664,2022-07-21,03-495607-0,745548,2026-07-21,0.0,4.0,67.0,63.0,0.0,-5.763588314456853,1.0,0.0,0.0,1.0,0.0,0.0,0.0,1598.0,1138.0,1315.0,2000.0,-0.2734452799500154,0.0,0.0,0.0,8.0,0.0,0.0,0.0,0.0,0.0,0.0,0.0,0.0,0.0,0.0,0.0,0.0,0.0,0.0,0.0,0.0,0.0,0.0,-12455.15291152487,0.0,0.0,0.0,0.0,0.0,0.0,4.0,0.0,1.0,1.0,1.0,1.0,1.0,0.0,0.0,1.0,0.0,1.0,1.0,0.0,0.0,1.0,1.0,0.0,1.0,0.0,0.0,0.0,1.0,1.0,0.0,1.0,1.0,0.0,0.0,0.0,0.0,1.0,0.0,48.0,48.0,48.0,48.0,48.0,48.0,80000
JN8BY2NY3N9375271,2022-07-21,03-492413-0,752305,2026-07-21,0.0,4.0,52.0,48.0,0.0,0.0829215562118133,0.0,0.0,0.0,0.0,0.0,0.0,0.0,4000.0,2480.0,1940.0,2970.0,0.09988195536171951,0.0,0.0,0.0,8.0,0.0,0.0,0.0,0.0,0.0,0.0,0.0,0.0,0.0,0.0,0.0,0.0,0.0,0.0,0.0,0.0,0.0,0.0,-8395.814541784173,0.0,0.0,0.0,0.0,0.0,0.0,2.0,1.0,0.0,1.0,1.0,1.0,0.0,1.0,0.0,1.0,0.0,1.0,0.0,1.0,0.0,1.0,1.0,0.0,0.0,1.0,0.0,0.0,1.0,1.0,0.0,1.0,1.0,0.0,0.0,0.0,0.0,1.0,0.0,48.0,48.0,48.0,48.0,48.0,48.0,80000
3N1CP5C99PL463447,2022-07-25,03-492327-0,751511,2026-07-25,0.0,4.0,55.0,51.0,0.0,-5.753103416332467,0.0,0.0,0.0,0.0,0.0,0.0,0.0,1600.0,1129.0,1590.0,2610.0,-0.2731344329597475,0.0,0.0,0.0,8.0,0.0,0.0,0.0,0.0,0.0,0.0,0.0,0.0,0.0,0.0,0.0,0.0,0.0,0.0,0.0,0.0,0.0,0.0,-8186.5155763039265,0.0,0.0,0.0,0.0,0.0,0.0,1.0,1.0,0.0,1.0,1.0,1.0,1.0,0.0,0.0,1.0,0.0,1.0,0.0,1.0,1.0,0.0,0.0,1.0,1.0,0.0,0.0,0.0,1.0,1.0,0.0,1.0,1.0,0.0,0.0,0.0,0.0,1.0,0.0,48.0,48.0,48.0,48.0,48.0,48.0,80000
1N4BL4A94NN381338,2022-07-28,03-493945-0,741904,2026-07-28,0.0,4.0,28.0,24.0,0.0,-3.5116814063410065,1.0,0.0,0.0,1.0,0.0,0.0,0.0,2488.0,1481.0,1442.0,2824.0,-0.13511836928080467,0.0,0.0,0.0,8.0,0.0,0.0,0.0,0.0,0.0,0.0,0.0,0.0,0.0,0.0,0.0,0.0,0.0,0.0,0.0,0.0,0.0,0.0,273.9592502883197,0.0,0.0,0.0,0.0,0.0,0.0,1.0,1.0,0.0,1.0,1.0,1.0,0.0,1.0,0.0,1.0,0.0,1.0,0.0,1.0,1.0,0.0,0.0,1.0,1.0,0.0,0.0,0.0,1.0,1.0,0.0,1.0,1.0,0.0,0.0,0.0,0.0,1.0,0.0,48.0,48.0,48.0,48.0,48.0,48.0,80000
1N4BL4A95NN381347,2022-07-14,03-493947-0,737083,2026-07-14,0.0,4.0,24.0,20.0,14337.0,0.0,1.0,0.0,0.0,1.0,450.0,0.0,0.0,2488.0,1481.0,1442.0,2824.0,0.0,0.0,1.0,0.0,8.0,0.0,1.0,38.0,7375.52,1163.0,0.0,0.0,0.0,0.0,7168.5,29469.48,0.0,0.0,2.0,0.0,2.0,0.0,1.0,14337.0,3.0,97.0,269.0,3.0,0.0,1.0,3.0,1.0,0.0,1.0,1.0,1.0,0.0,1.0,1.0,0.0,0.0,1.0,0.0,1.0,1.0,0.0,0.0,1.0,1.0,0.0,0.0,0.0,1.0,1.0,0.0,1.0,1.0,0.0,0.0,1.0,0.0,0.0,0.0,48.0,48.0,48.0,48.0,48.0,48.0,80000
JN8BY2NY2N9374399,2022-07-12,03-489465-0,749378,2026-07-12,0.0,4.0,27.0,23.0,14.0,0.0,0.0,0.0,0.0,0.0,0.0,0.0,0.0,4000.0,2480.0,1940.0,2970.0,0.0,0.0,0.0,0.0,8.0,0.0,1.0,46.0,400.0,1416.0,0.0,0.0,0.0,0.0,14.0,400.0,0.0,1.0,0.0,0.0,0.0,0.0,1.0,14.0,0.0,0.0,0.0,2.0,6.0,1.0,8.0,1.0,0.0,1.0,1.0,1.0,0.0,1.0,1.0,0.0,1.0,0.0,0.0,1.0,0.0,1.0,1.0,0.0,0.0,1.0,0.0,0.0,1.0,1.0,0.0,1.0,1.0,0.0,0.0,0.0,1.0,0.0,0.0,48.0,48.0,48.0,48.0,48.0,48.0,80000
JN8AY2NY6N9449777,2022-07-15,03-489243-0,107524,2026-07-15,0.0,4.0,37.0,33.0,13034.0,0.0,0.0,0.0,0.0,0.0,0.0,0.0,0.0,5600.0,2480.0,1695.0,2970.0,0.0,0.0,0.0,0.0,8.0,0.0,1.0,44.0,6578.0,1352.0,0.0,0.0,0.0,0.0,13034.0,6578.0,0.0,1.0,0.0,0.0,0.0,0.0,1.0,13034.0,2.0,128.0,252.0,2.0,0.0,1.0,2.0,1.0,0.0,1.0,1.0,1.0,0.0,1.0,1.0,0.0,0.0,1.0,0.0,1.0,0.0,1.0,1.0,0.0,0.0,0.0,1.0,0.0,1.0,1.0,0.0,1.0,1.0,0.0,0.0,1.0,0.0,0.0,0.0,48.0,48.0,48.0,48.0,48.0,48.0,80000
JN1AR5EM1NM670002,2022-07-14,03-492854-0,208638,2026-07-14,0.0,4.0,56.0,52.0,1.0,0.0,2.0,0.0,0.0,2.0,0.0,0.0,0.0,3800.0,1740.0,1370.0,2780.0,0.0,0.0,0.0,0.0,8.0,0.0,1.0,47.0,0.0,1441.0,0.0,0.0,0.0,0.0,1.0,0.0,1.0,0.0,0.0,0.0,0.0,0.0,1.0,1.0,0.0,0.0,0.0,0.0,0.0,0.0,0.0,1.0,0.0,1.0,1.0,1.0,0.0,1.0,1.0,0.0,0.0,1.0,1.0,0.0,0.0,1.0,1.0,0.0,0.0,1.0,0.0,1.0,0.0,1.0,1.0,0.0,0.0,1.0,0.0,0.0,0.0,1.0,0.0,48.0,48.0,48.0,48.0,48.0,48.0,80000
JN8FY1NY1NX100795,2022-08-10,03-490207-0,357923,2026-08-10,0.0,4.0,43.0,39.0,1493.0,2.0,1.0,1.0,0.0,2.0,0.0,0.0,0.0,4759.0,2480.0,1855.0,2970.0,0.1666666666666667,0.0,0.0,0.0,8.0,0.0,2.0,45.0,160.0,1387.0,0.0,0.0,0.0,0.0,746.5,160.0,2.0,0.0,0.0,0.0,0.0,1.0,1.0,1493.0,0.0,0.0,0.0,2.0,1.0,1.0,3.0,1.0,0.0,1.0,1.0,1.0,0.0,1.0,1.0,0.0,1.0,0.0,0.0,1.0,0.0,1.0,1.0,0.0,0.0,1.0,0.0,0.0,1.0,1.0,0.0,1.0,1.0,0.0,1.0,0.0,0.0,0.0,0.0,48.0,48.0,48.0,48.0,48.0,48.0,80000
